{
  "accuracy": 0.7917,
  "weighted_f1": 0.7754,
  "confusion_matrix": [
    [
      22,
      23,
      0
    ],
    [
      3,
      144,
      3
    ],
    [
      0,
      21,
      24
    ]
  ],
  "class_labels": [
    "Low",
    "Medium",
    "High"
  ],
  "train_rows": 960,
  "test_rows": 240,
  "classification_report": {
    "High": {
      "precision": 0.8888888888888888,
      "recall": 0.5333333333333333,
      "f1-score": 0.6666666666666666,
      "support": 45.0
    },
    "Low": {
      "precision": 0.88,
      "recall": 0.4888888888888889,
      "f1-score": 0.6285714285714286,
      "support": 45.0
    },
    "Medium": {
      "precision": 0.7659574468085106,
      "recall": 0.96,
      "f1-score": 0.8520710059171598,
      "support": 150.0
    },
    "accuracy": 0.7916666666666666,
    "macro avg": {
      "precision": 0.8449487785657999,
      "recall": 0.6607407407407407,
      "f1-score": 0.7157697003850849,
      "support": 240.0
    },
    "weighted avg": {
      "precision": 0.8103900709219858,
      "recall": 0.7916666666666666,
      "f1-score": 0.7754015215553678,
      "support": 240.0
    }
  }
}