{
  "accuracy": 0.9275,
  "weighted_f1": 0.9236,
  "confusion_matrix": [
    [
      0,
      2,
      0
    ],
    [
      0,
      309,
      9
    ],
    [
      0,
      18,
      62
    ]
  ],
  "class_labels": [
    "Low",
    "Medium",
    "High"
  ],
  "train_rows": 1600,
  "test_rows": 400,
  "classification_report": {
    "High": {
      "precision": 0.8732394366197183,
      "recall": 0.775,
      "f1-score": 0.8211920529801324,
      "support": 80.0
    },
    "Low": {
      "precision": 0.0,
      "recall": 0.0,
      "f1-score": 0.0,
      "support": 2.0
    },
    "Medium": {
      "precision": 0.939209726443769,
      "recall": 0.9716981132075472,
      "f1-score": 0.955177743431221,
      "support": 318.0
    },
    "accuracy": 0.9275,
    "macro avg": {
      "precision": 0.6041497210211624,
      "recall": 0.5822327044025157,
      "f1-score": 0.5921232654704511,
      "support": 400.0
    },
    "weighted avg": {
      "precision": 0.92131961984674,
      "recall": 0.9275,
      "f1-score": 0.9236047166238472,
      "support": 400.0
    }
  }
}