attendance_rate,previous_gpa,attendance_trend,marks_trend,algorithms_internal,algorithms_external,algorithms_attendance,data_structures_internal,data_structures_external,data_structures_attendance,database_systems_internal,database_systems_external,database_systems_attendance,operating_systems_internal,operating_systems_external,operating_systems_attendance,software_engineering_internal,software_engineering_external,software_engineering_attendance,dsa_lab_internal,dsa_lab_external,dsa_lab_attendance,dbms_lab_internal,dbms_lab_external,dbms_lab_attendance,computer_networks_lab_internal,computer_networks_lab_external,computer_networks_lab_attendance,computer_graphics_lab_internal,computer_graphics_lab_external,computer_graphics_lab_attendance,data_science_lab_internal,data_science_lab_external,data_science_lab_attendance,department,actual_band,predicted_band,predicted_risk,actual_risk,confidence,risk_score,recommendations
68.84,6.28,-4.29,-20.14,20.96,28.26,64.73,11.32,38.93,63.12,24.72,44.11,70.07,19.89,13.06,48.88,18.41,49.18,66.5,15.68,41.4,65.57,23.9,55.85,63.31,19.75,49.14,73.09,28.26,44.58,80.53,14.2,35.43,47.49,CSE,Medium,Medium,No,Yes,0.9906,90.0,CRITICAL: Marks declined significantly (-20.1%). | Priority 1: Operating Systems (Weakness Score: 58.0/100) | Priority 2: Data Structures (Weakness Score: 47.5/100) | Priority 3: Algorithms (Weakness Score: 43.5/100)
79.3,7.9,-1.44,8.1,17.78,70.0,81.97,26.19,37.64,85.24,21.86,65.69,81.22,17.38,60.58,72.16,15.91,44.34,76.04,20.08,34.98,90.5,25.53,57.46,86.62,10.76,46.74,87.88,26.7,41.94,92.34,21.54,6.26,78.31,CSE,Medium,Medium,No,Yes,0.8753,52.6,Green/Safe: Maintain the current support plan.
83.33,9.37,-7.19,-4.76,29.13,40.0,85.86,13.87,25.93,76.2,23.21,37.25,79.97,16.28,62.49,92.02,17.58,55.26,80.88,18.31,44.25,89.76,15.54,52.54,100.0,20.92,45.54,82.49,22.39,20.84,100.0,24.91,35.33,83.65,CSE,Medium,Medium,No,Yes,0.8523,68.0,Priority 1: Data Structures (Weakness Score: 48.5/100)
78.91,9.33,-2.48,33.57,14.64,34.01,83.3,19.76,24.4,96.75,16.03,41.32,83.28,30.0,38.85,69.72,22.49,70.0,80.27,18.57,50.87,58.16,16.92,17.62,75.31,17.44,5.44,80.7,23.09,42.1,63.63,26.33,70.0,82.91,CSE,Medium,Medium,No,Yes,0.8711,57.0,Priority 1: Algorithms (Weakness Score: 40.9/100)
53.59,9.21,3.72,2.23,11.8,15.48,60.98,17.89,59.54,49.27,21.77,43.12,54.04,20.47,38.31,41.3,23.83,68.9,70.19,17.23,34.0,48.05,19.12,44.21,43.61,12.6,45.75,18.29,19.5,30.83,61.39,25.24,61.07,50.13,CSE,Medium,Medium,No,Yes,0.7336,51.6,Overall Attendance Alert: Schedule mentoring. | Priority 1: Algorithms (Weakness Score: 61.1/100) | Priority 2: Operating Systems (Weakness Score: 45.2/100)
57.19,7.44,-0.53,-1.35,20.58,62.46,60.15,25.83,22.83,52.86,23.56,50.15,48.58,24.67,37.03,49.42,22.43,45.09,51.96,17.22,28.95,53.24,25.5,48.67,66.78,22.58,35.82,40.7,15.37,34.93,49.71,24.91,59.56,79.31,CSE,Medium,Medium,No,Yes,0.8988,35.8,Overall Attendance Alert: Schedule mentoring. | Priority 1: Data Structures (Weakness Score: 45.3/100)
58.24,7.29,2.02,4.23,29.37,35.47,56.76,16.68,33.0,44.23,23.36,34.91,50.27,15.18,49.57,58.46,20.13,33.58,62.59,16.69,46.05,56.84,11.56,70.0,63.99,20.9,50.07,78.76,25.68,50.23,51.16,17.25,17.95,54.56,CSE,Medium,Medium,No,Yes,0.9586,56.3,Overall Attendance Alert: Schedule mentoring. | Priority 1: Data Structures (Weakness Score: 51.2/100) | Priority 2: Software Engineering (Weakness Score: 41.9/100) | Priority 3: Database Systems (Weakness Score: 41.6/100)
94.38,8.16,9.94,8.88,18.53,35.44,87.25,29.31,38.4,96.39,23.93,41.83,94.73,22.51,32.28,79.01,16.35,70.0,88.62,20.65,25.11,100.0,18.49,38.18,93.04,30.0,51.62,92.81,5.59,65.29,87.43,15.74,33.55,100.0,CSE,Medium,Medium,No,No,0.9375,32.8,Green/Safe: Maintain the current support plan.
93.43,6.96,-8.75,-27.97,25.12,50.95,99.07,18.67,51.94,86.34,17.11,45.53,78.03,22.89,7.79,97.05,22.28,33.08,81.09,17.96,54.6,96.88,14.44,46.59,96.05,21.1,30.2,94.98,24.59,53.05,97.54,28.21,47.52,85.01,CSE,Medium,Medium,No,Yes,0.9907,100.0,CRITICAL: Marks declined significantly (-28.0%). | Priority 1: Operating Systems (Weakness Score: 43.5/100)
80.86,8.78,-1.78,8.24,20.53,33.09,78.64,12.37,42.23,80.87,29.04,65.23,70.52,21.01,48.29,78.55,19.17,39.69,99.59,17.92,50.11,55.57,24.12,62.76,70.34,17.44,51.77,81.05,22.33,40.69,99.49,16.65,70.0,93.28,CSE,Medium,Medium,No,No,0.5039,28.6,Green/Safe: Maintain the current support plan.
92.0,8.1,12.62,-18.13,7.78,50.6,92.06,23.81,46.87,92.45,20.15,28.35,73.55,15.57,28.46,91.55,11.83,37.86,100.0,19.63,45.72,92.16,21.06,37.1,90.35,17.29,22.61,100.0,15.59,69.01,84.36,13.21,70.0,77.21,CSE,Medium,Medium,No,Yes,0.9699,77.7,CRITICAL: Marks declined significantly (-18.1%). | Priority 1: Database Systems (Weakness Score: 41.6/100) | Priority 2: Operating Systems (Weakness Score: 40.7/100)
71.82,7.69,0.74,3.46,17.08,44.31,61.79,21.42,46.14,59.84,19.22,44.43,74.63,21.59,34.18,79.46,22.62,34.13,60.4,16.76,22.93,73.9,25.92,66.32,60.93,23.93,46.27,47.86,18.34,38.34,83.93,15.65,53.45,70.75,CSE,Medium,Medium,No,Yes,0.9689,53.1,Green/Safe: Maintain the current support plan.
35.97,8.26,-6.44,13.73,16.5,50.64,36.44,27.05,51.49,34.4,23.47,44.46,37.81,26.13,27.47,27.34,17.9,40.9,47.54,12.93,44.56,30.46,28.5,58.26,38.36,24.84,25.21,56.25,15.79,63.85,41.49,21.32,63.23,45.94,CSE,Medium,Medium,No,Yes,0.7569,38.5,Overall Attendance Alert: Schedule mentoring. | Priority 1: Operating Systems (Weakness Score: 50.0/100) | Priority 2: Software Engineering (Weakness Score: 44.5/100) | Priority 3: Algorithms (Weakness Score: 43.6/100)
88.87,9.94,-3.33,35.96,11.99,66.56,89.88,20.52,28.23,89.87,14.27,62.8,100.0,22.42,35.48,63.53,11.58,68.32,78.57,18.15,54.83,100.0,19.0,38.93,89.58,16.86,36.39,92.98,20.93,70.0,93.25,25.76,28.93,94.12,CSE,Medium,Medium,No,No,0.7779,30.5,Green/Safe: Maintain the current support plan.
61.27,5.92,-2.37,-25.11,21.92,44.21,70.65,21.29,54.05,63.6,14.25,39.38,54.58,23.79,57.77,60.45,20.73,21.31,57.37,7.49,57.14,83.56,17.33,48.43,65.44,14.32,43.03,65.95,20.84,45.89,58.31,15.92,55.14,78.88,CSE,Medium,Medium,No,No,0.9763,70.4,CRITICAL: Marks declined significantly (-25.1%). | Low Base GPA: Review overall progress. | Priority 1: Software Engineering (Weakness Score: 49.9/100) | Priority 2: Database Systems (Weakness Score: 46.9/100)
100.0,7.62,-8.42,-2.38,24.05,39.92,100.0,15.12,10.25,99.68,27.91,70.0,98.11,18.62,21.67,100.0,22.12,42.16,80.28,10.99,46.94,84.57,22.69,53.8,86.85,20.24,30.92,100.0,30.0,43.22,100.0,25.14,43.84,100.0,CSE,Medium,Medium,No,Yes,0.9485,70.3,Priority 1: Data Structures (Weakness Score: 49.1/100)
86.95,6.26,15.26,23.88,27.22,70.0,89.32,17.94,25.06,72.97,27.25,22.97,82.54,20.78,5.98,74.44,13.31,35.01,89.53,25.14,35.05,82.33,19.4,32.92,91.13,22.24,4.18,93.34,20.64,48.88,98.74,11.07,26.17,86.25,CSE,Medium,Medium,No,Yes,0.987,66.4,Priority 1: Operating Systems (Weakness Score: 53.5/100) | Priority 2: Data Structures (Weakness Score: 45.8/100)
76.18,8.4,5.85,-1.72,21.88,44.22,84.41,24.83,41.22,57.66,16.22,43.53,68.42,14.73,46.05,100.0,17.56,44.96,63.06,26.22,58.12,84.24,26.8,38.59,73.16,28.55,54.49,53.99,22.27,36.27,85.17,22.04,18.89,78.87,CSE,Medium,Medium,No,No,0.8201,34.1,Green/Safe: Maintain the current support plan.
74.8,8.81,4.74,-9.49,21.81,42.96,76.74,22.86,46.51,59.13,10.91,67.63,48.45,20.98,41.48,76.41,14.3,50.26,76.86,30.0,46.95,88.28,12.51,60.3,77.06,21.35,49.25,91.86,21.28,33.24,68.64,24.09,51.71,59.49,CSE,Medium,High,No,No,0.5141,38.3,Green/Safe: Maintain the current support plan.
77.77,8.23,-7.2,-2.7,15.79,45.54,87.03,23.67,21.61,87.75,28.54,63.23,65.46,14.57,46.14,83.62,24.35,33.12,77.02,15.91,29.9,81.83,19.63,51.83,72.05,23.35,28.09,73.21,14.47,49.27,95.89,21.84,43.47,75.79,CSE,Medium,Medium,No,No,0.5485,49.3,Green/Safe: Maintain the current support plan.
53.94,7.75,3.9,-16.68,23.22,70.0,57.98,16.17,35.59,53.94,16.84,36.63,63.79,25.13,20.3,45.75,17.68,53.99,65.37,30.0,38.01,49.78,22.94,34.77,52.53,17.92,5.68,55.17,19.09,64.07,53.99,13.73,41.13,33.03,CSE,Medium,Medium,No,Yes,0.977,76.5,CRITICAL: Marks declined significantly (-16.7%). | Overall Attendance Alert: Schedule mentoring. | Priority 1: Operating Systems (Weakness Score: 49.5/100) | Priority 2: Data Structures (Weakness Score: 47.3/100) | Priority 3: Database Systems (Weakness Score: 43.1/100)
47.35,6.07,-1.04,21.69,20.2,62.25,55.08,15.97,39.63,38.85,14.6,70.0,64.03,25.78,51.73,41.93,14.46,41.85,40.14,23.57,47.28,55.91,21.21,19.64,45.62,21.94,49.12,41.8,17.55,35.02,30.65,19.85,56.69,42.59,CSE,Medium,Medium,No,Yes,0.9176,35.9,Overall Attendance Alert: Schedule mentoring. | Priority 1: Data Structures (Weakness Score: 49.7/100) | Priority 2: Software Engineering (Weakness Score: 49.6/100)
86.74,5.29,3.92,-2.74,26.36,50.78,77.19,21.39,61.02,100.0,21.25,60.9,74.64,19.82,39.97,90.16,28.06,48.75,77.36,13.68,69.69,91.88,22.24,39.84,89.42,15.07,50.81,74.99,18.2,35.36,54.16,18.27,31.52,84.63,CSE,Medium,Medium,No,No,0.9092,36.7,Low Base GPA: Review overall progress.
66.55,8.51,-7.76,21.64,20.0,13.89,65.4,20.49,44.33,61.59,26.62,9.41,67.49,20.54,70.0,66.4,22.23,46.88,67.49,28.81,28.33,59.88,23.77,48.85,63.72,19.65,58.71,71.4,16.44,48.57,66.05,22.35,40.18,54.46,CSE,Medium,Medium,No,Yes,0.9005,65.0,Priority 1: Algorithms (Weakness Score: 52.4/100) | Priority 2: Database Systems (Weakness Score: 47.8/100)
78.36,6.68,17.63,5.25,18.54,66.52,81.19,12.52,54.67,73.73,25.42,53.08,90.77,25.19,59.06,89.71,24.08,34.59,66.93,15.85,55.96,56.13,19.92,41.01,90.6,19.41,39.47,91.52,19.54,41.2,73.47,21.43,40.03,75.09,CSE,Medium,Medium,No,No,0.9533,31.1,Green/Safe: Maintain the current support plan.
58.5,7.98,2.44,13.52,19.56,57.45,54.84,22.22,15.35,37.93,21.64,60.71,56.12,30.0,23.35,51.7,20.7,51.97,52.66,14.7,54.3,59.83,18.28,52.48,57.13,19.3,42.35,50.29,15.39,37.11,58.82,10.64,59.17,58.68,CSE,Medium,Medium,No,Yes,0.9149,52.0,Overall Attendance Alert: Schedule mentoring. | Priority 1: Data Structures (Weakness Score: 57.6/100) | Priority 2: Operating Systems (Weakness Score: 41.1/100)
52.04,9.35,1.96,-8.39,16.53,50.78,51.37,18.46,70.0,36.65,24.79,32.06,53.35,30.0,30.56,44.8,19.91,32.29,60.88,17.33,54.81,38.75,10.97,41.57,36.35,27.59,22.05,41.66,22.07,36.2,36.86,30.0,29.98,50.08,CSE,Medium,Medium,No,Yes,0.8272,42.2,Overall Attendance Alert: Schedule mentoring. | Priority 1: Software Engineering (Weakness Score: 43.4/100) | Priority 2: Database Systems (Weakness Score: 40.9/100)
57.17,6.76,7.56,-3.78,26.03,30.19,74.76,15.72,42.24,51.88,27.54,29.09,64.34,8.96,57.21,55.25,18.13,34.62,56.5,18.23,22.64,49.32,23.99,38.96,49.26,20.23,52.33,63.67,21.69,63.13,57.66,18.82,58.1,50.08,CSE,Medium,Medium,No,Yes,0.9803,40.7,Overall Attendance Alert: Schedule mentoring. | Priority 1: Software Engineering (Weakness Score: 45.1/100) | Priority 2: Data Structures (Weakness Score: 44.6/100) | Priority 3: Operating Systems (Weakness Score: 41.8/100)
33.56,6.63,-2.38,8.5,16.85,46.74,31.52,19.65,63.02,44.1,21.84,31.57,28.05,23.82,64.52,20.82,27.64,33.3,40.25,30.0,21.15,38.61,18.43,51.71,27.37,7.6,33.69,37.03,26.75,51.08,48.29,17.53,36.38,36.99,CSE,Medium,Medium,No,Yes,0.8542,38.4,Overall Attendance Alert: Schedule mentoring. | Priority 1: Database Systems (Weakness Score: 51.7/100) | Priority 2: Algorithms (Weakness Score: 47.0/100) | Priority 3: Software Engineering (Weakness Score: 41.3/100)
71.4,5.7,-10.86,-8.43,6.49,28.63,71.53,28.25,39.18,86.88,8.38,37.45,81.78,24.72,15.69,63.0,19.31,35.04,83.1,20.06,23.33,76.01,22.57,27.76,62.49,16.44,65.5,70.52,8.95,26.95,78.56,17.96,26.59,67.62,CSE,Medium,Medium,No,Yes,0.9864,95.0,CRITICAL: Attendance dropped by 10.9% recently. | Low Base GPA: Review overall progress. | Priority 1: Algorithms (Weakness Score: 55.7/100) | Priority 2: Operating Systems (Weakness Score: 47.4/100) | Priority 3: Database Systems (Weakness Score: 45.7/100)
68.5,6.67,-2.58,-4.58,18.89,70.0,70.52,20.72,51.52,51.33,24.6,55.67,50.66,30.0,45.05,57.33,21.57,31.37,52.39,18.64,41.59,52.75,16.1,29.5,64.92,23.24,47.12,68.17,10.87,44.58,57.62,11.41,58.16,55.19,CSE,Medium,Medium,No,No,0.9566,43.2,Priority 1: Software Engineering (Weakness Score: 44.8/100)
97.19,5.43,7.44,-23.49,21.88,31.06,98.13,19.86,58.81,98.85,14.39,70.0,100.0,15.28,47.84,100.0,22.42,50.45,99.65,24.59,55.92,100.0,11.12,18.99,89.26,18.76,33.6,87.04,21.19,31.91,73.16,13.21,35.85,94.61,CSE,Medium,Medium,No,Yes,0.9867,88.4,CRITICAL: Marks declined significantly (-23.5%). | Low Base GPA: Review overall progress.
79.25,7.29,-0.09,14.4,26.97,46.21,87.34,24.28,60.45,75.47,16.76,15.06,69.3,20.31,34.48,67.84,20.25,65.14,78.69,14.34,64.09,71.5,27.4,41.05,80.28,27.8,24.73,68.74,18.37,42.9,100.0,15.56,25.44,69.89,CSE,Medium,Medium,No,Yes,0.9594,54.4,Priority 1: Database Systems (Weakness Score: 53.8/100)
84.6,7.82,-17.34,-22.79,16.56,51.26,75.51,27.77,41.88,91.61,23.1,69.33,80.22,20.53,23.98,85.63,25.7,48.29,100.0,22.6,36.89,89.16,12.68,33.02,72.43,20.08,44.09,96.65,19.5,29.96,100.0,5.28,45.58,86.78,CSE,Medium,Medium,No,No,0.9658,88.4,CRITICAL: Attendance dropped by 17.3% recently. | CRITICAL: Marks declined significantly (-22.8%). | Priority 1: Operating Systems (Weakness Score: 40.1/100)
83.63,5.27,-17.63,-11.46,19.42,61.17,70.77,16.8,63.05,86.57,22.75,51.8,88.21,29.11,46.37,73.52,23.19,36.5,82.53,21.85,32.68,78.53,22.38,36.77,93.37,15.07,30.16,100.0,12.35,44.6,100.0,19.86,65.2,90.16,CSE,Medium,Medium,No,No,0.9822,76.3,CRITICAL: Attendance dropped by 17.6% recently. | Low Base GPA: Review overall progress.
77.23,7.71,13.94,-1.61,22.09,66.17,73.03,14.14,43.64,96.07,14.2,54.75,88.81,8.17,51.15,83.26,18.66,35.3,71.32,18.36,40.47,72.32,18.28,62.86,65.09,11.25,63.1,75.31,18.06,43.33,79.32,17.38,52.59,67.61,CSE,Medium,Medium,No,No,0.7564,31.9,Green/Safe: Maintain the current support plan.
59.13,7.0,-2.2,12.49,21.67,38.62,44.79,30.0,44.44,48.29,16.65,42.4,57.37,26.51,43.81,77.68,17.84,51.4,69.35,25.98,64.68,56.41,19.97,7.81,57.17,25.46,58.45,58.26,28.5,39.24,51.96,17.66,28.16,65.35,CSE,Medium,Medium,No,Yes,0.9491,56.9,Overall Attendance Alert: Schedule mentoring. | Priority 1: Algorithms (Weakness Score: 42.8/100) | Priority 2: Database Systems (Weakness Score: 41.9/100)
56.75,6.6,-12.02,-1.53,10.95,54.17,60.73,16.2,24.49,68.41,22.2,35.68,68.62,20.69,49.77,46.33,12.42,21.45,77.58,15.86,45.98,61.35,19.9,42.69,54.99,22.4,29.4,52.35,8.48,17.05,43.77,24.27,40.91,63.73,CSE,Medium,Medium,No,Yes,0.9918,83.5,CRITICAL: Attendance dropped by 12.0% recently. | Overall Attendance Alert: Schedule mentoring. | Priority 1: Software Engineering (Weakness Score: 52.0/100) | Priority 2: Computer Graphics LAB (Weakness Score: 50.4/100) | Priority 3: Data Structures (Weakness Score: 49.3/100)
65.33,7.15,-2.95,23.69,12.89,40.18,65.75,19.01,20.37,76.85,30.0,64.21,76.19,21.13,32.36,66.06,30.0,39.72,60.78,25.54,62.61,56.86,18.69,37.47,66.03,25.52,32.94,76.23,20.51,70.0,68.52,19.52,53.62,61.96,CSE,Medium,Medium,No,Yes,0.916,55.4,Priority 1: Data Structures (Weakness Score: 46.3/100) | Priority 2: Algorithms (Weakness Score: 44.4/100) | Priority 3: Operating Systems (Weakness Score: 40.6/100)
100.0,5.23,-13.79,10.27,20.73,62.22,91.93,17.26,63.02,100.0,2.39,62.98,76.75,19.68,24.21,94.52,20.52,52.96,100.0,13.27,62.34,97.22,18.72,70.0,100.0,11.59,43.83,92.52,17.83,43.03,100.0,13.72,41.67,96.05,CSE,Medium,Medium,No,No,0.9497,56.7,CRITICAL: Attendance dropped by 13.8% recently. | Low Base GPA: Review overall progress.
57.57,8.06,7.64,5.17,23.31,21.61,55.44,14.6,23.38,69.63,13.86,33.97,49.05,25.7,60.26,70.27,16.07,65.24,49.62,16.23,34.52,50.95,19.55,32.42,59.89,6.95,48.42,46.67,16.65,35.32,67.0,22.52,42.52,50.42,CSE,Medium,Medium,No,Yes,0.9451,58.5,Overall Attendance Alert: Schedule mentoring. | Priority 1: Database Systems (Weakness Score: 52.0/100) | Priority 2: Data Structures (Weakness Score: 51.2/100) | Priority 3: Algorithms (Weakness Score: 47.7/100)
80.77,7.58,-3.66,-4.85,16.32,34.06,77.89,8.89,49.95,89.88,22.85,52.19,91.01,19.5,21.43,82.07,26.51,50.42,77.05,23.92,50.79,78.61,20.6,40.24,86.92,15.5,49.95,89.46,21.19,48.74,81.47,22.67,39.61,79.47,CSE,Medium,Medium,No,No,0.9416,46.0,Priority 1: Operating Systems (Weakness Score: 43.6/100) | Priority 2: Algorithms (Weakness Score: 40.9/100)
68.78,9.86,-6.97,-10.79,24.52,27.51,66.8,18.78,51.27,68.7,17.27,63.73,63.39,18.54,21.13,61.65,22.58,49.81,74.78,22.75,70.0,61.3,11.9,29.24,61.75,15.13,46.4,81.31,27.7,52.56,90.2,18.22,20.51,79.31,CSE,Medium,Medium,No,Yes,0.8559,72.7,Priority 1: Operating Systems (Weakness Score: 50.9/100)
70.27,7.52,8.12,6.52,12.58,48.67,82.57,26.4,65.68,74.43,20.45,64.23,59.17,17.8,70.0,59.53,19.83,54.47,71.1,25.75,67.89,75.07,26.95,31.07,68.7,30.0,70.0,57.5,19.94,47.04,74.44,26.37,70.0,70.65,CSE,High,Medium,No,No,0.5116,19.9,Green/Safe: Maintain the current support plan.
66.59,7.12,-15.27,-16.92,26.91,54.78,58.29,22.27,57.56,45.63,15.39,50.44,47.34,11.17,40.94,71.5,22.69,68.74,67.41,18.14,25.39,62.74,23.54,56.29,69.23,22.74,64.15,67.34,26.84,34.1,65.86,17.6,56.89,56.44,CSE,Medium,Medium,No,No,0.8954,71.4,CRITICAL: Attendance dropped by 15.3% recently. | CRITICAL: Marks declined significantly (-16.9%). | Priority 1: Operating Systems (Weakness Score: 44.0/100) | Priority 2: Database Systems (Weakness Score: 41.6/100)
72.48,7.72,17.74,-29.87,17.32,67.51,77.87,22.64,49.9,67.92,18.38,30.53,68.52,21.41,42.07,80.57,21.31,47.85,63.8,13.87,28.11,83.36,11.36,47.85,74.39,16.58,44.46,74.19,14.22,33.16,71.14,19.48,23.67,72.51,CSE,Medium,Medium,No,No,0.9917,72.1,CRITICAL: Marks declined significantly (-29.9%). | Priority 1: Database Systems (Weakness Score: 43.6/100)
61.27,6.89,-14.49,37.2,23.05,53.46,59.92,27.89,52.73,44.53,24.94,35.13,69.25,21.48,5.37,67.32,18.89,38.11,57.05,23.94,31.18,72.41,12.4,49.44,69.0,23.74,47.76,59.21,17.25,26.66,54.42,15.19,28.12,79.31,CSE,Medium,Medium,No,Yes,0.9878,81.6,CRITICAL: Attendance dropped by 14.5% recently. | Priority 1: Operating Systems (Weakness Score: 55.3/100) | Priority 2: Software Engineering (Weakness Score: 42.2/100)
94.84,7.12,1.46,-17.52,22.84,52.96,81.53,21.57,59.25,99.96,18.19,45.72,96.36,26.99,70.0,100.0,20.27,44.53,95.56,21.03,37.26,100.0,16.04,64.43,72.86,18.62,39.92,97.12,18.18,65.79,92.41,14.85,30.51,90.11,CSE,Medium,Medium,No,No,0.9482,50.5,CRITICAL: Marks declined significantly (-17.5%).
60.09,6.67,-8.07,4.15,24.25,47.14,50.78,22.59,28.76,66.12,14.82,38.46,55.72,26.99,8.49,83.4,15.97,43.15,64.23,21.64,57.65,66.2,30.0,55.97,58.92,17.23,36.32,73.03,28.78,60.06,28.45,8.76,44.89,58.43,CSE,Medium,Medium,No,Yes,0.9765,68.1,Priority 1: Database Systems (Weakness Score: 46.5/100) | Priority 2: Operating Systems (Weakness Score: 43.1/100) | Priority 3: Data Structures (Weakness Score: 41.1/100)
55.7,6.35,-1.0,3.72,14.12,48.33,74.59,24.55,64.2,42.71,19.04,42.03,69.98,24.58,42.54,32.81,14.21,54.49,52.49,19.45,54.2,67.01,16.11,53.87,71.81,27.14,37.04,58.65,23.75,45.3,53.2,11.35,32.02,48.74,CSE,Medium,Medium,No,Yes,0.9432,35.3,Overall Attendance Alert: Schedule mentoring. | Priority 1: Operating Systems (Weakness Score: 41.3/100)
89.93,5.82,7.84,14.65,23.32,21.07,91.6,20.26,56.52,80.98,15.27,53.02,88.23,9.91,44.91,100.0,22.74,27.22,94.63,24.91,19.12,87.06,26.5,22.14,87.13,18.92,38.77,100.0,26.11,40.46,79.76,26.36,56.62,89.77,CSE,Medium,Medium,No,No,0.9894,40.1,Low Base GPA: Review overall progress.
72.67,7.11,12.3,18.51,20.37,31.37,70.75,30.0,30.62,67.05,13.09,33.79,60.84,13.87,49.84,79.98,21.76,29.67,55.83,9.78,26.72,62.41,17.71,48.93,68.81,27.92,70.0,71.61,10.43,36.95,70.01,23.43,24.96,56.44,CSE,Medium,Medium,No,Yes,0.9806,59.9,Priority 1: Database Systems (Weakness Score: 49.3/100) | Priority 2: Software Engineering (Weakness Score: 44.5/100) | Priority 3: Algorithms (Weakness Score: 40.5/100)
70.41,7.27,-5.6,-6.6,22.42,63.27,49.95,18.83,70.0,81.01,12.73,46.32,59.93,17.84,70.0,79.99,12.4,33.52,70.42,18.68,49.7,62.66,18.17,33.21,66.73,23.52,49.45,63.4,25.66,60.96,70.4,18.71,70.0,86.48,CSE,Medium,Medium,No,No,0.9099,42.4,Priority 1: Software Engineering (Weakness Score: 47.3/100) | Priority 2: Database Systems (Weakness Score: 42.8/100)
74.98,7.93,6.85,-19.17,20.44,46.36,86.41,24.34,38.94,73.05,16.76,46.65,72.78,20.25,66.93,90.12,16.88,56.65,81.52,17.25,66.18,60.2,25.38,43.25,64.27,19.08,70.0,100.0,16.11,44.42,73.12,19.9,69.37,71.07,CSE,High,Medium,No,No,0.5667,47.2,CRITICAL: Marks declined significantly (-19.2%).
69.52,5.46,-6.33,10.05,19.69,20.08,62.46,16.98,30.7,47.56,25.12,17.1,78.81,30.0,33.33,73.39,18.01,57.41,57.57,19.34,61.82,69.03,11.86,63.62,56.56,20.39,53.74,70.72,30.0,56.01,67.49,23.01,48.15,69.96,CSE,Medium,Medium,No,Yes,0.9642,65.9,Low Base GPA: Review overall progress. | Priority 1: Data Structures (Weakness Score: 51.2/100) | Priority 2: Algorithms (Weakness Score: 50.1/100) | Priority 3: Database Systems (Weakness Score: 41.5/100)
70.24,9.75,-6.69,1.18,21.3,54.58,68.66,20.92,37.67,54.73,21.71,50.2,67.36,25.18,34.18,52.52,16.51,21.89,73.62,16.24,59.77,79.88,15.38,32.88,75.58,24.9,14.81,73.06,9.01,36.77,81.17,30.0,41.42,57.77,CSE,Medium,Medium,No,Yes,0.8004,63.7,Priority 1: Software Engineering (Weakness Score: 48.9/100) | Priority 2: Data Structures (Weakness Score: 41.1/100)
65.41,6.24,-9.94,-11.19,15.81,47.64,51.03,18.45,51.96,77.12,12.28,46.49,64.73,20.19,47.12,65.09,26.96,63.66,86.84,19.95,38.84,55.73,17.4,55.72,74.09,23.38,35.03,58.82,29.78,32.52,79.57,22.02,34.01,53.56,CSE,Medium,Medium,No,No,0.9755,63.2,Priority 1: Database Systems (Weakness Score: 41.7/100) | Priority 2: Algorithms (Weakness Score: 41.7/100)
96.99,8.44,-2.51,-17.77,16.62,49.16,100.0,23.36,25.22,97.88,24.82,22.21,100.0,20.7,53.65,93.55,20.23,31.58,100.0,28.97,70.0,79.34,21.65,51.48,89.94,21.86,23.45,100.0,12.33,48.76,100.0,17.0,65.59,78.74,CSE,Medium,Medium,No,No,0.9433,56.7,CRITICAL: Marks declined significantly (-17.8%).
89.61,9.1,11.51,9.93,17.97,34.97,100.0,18.49,49.93,88.04,25.31,15.18,92.64,13.73,50.86,88.14,12.61,50.06,91.85,18.84,43.43,91.22,25.89,40.29,99.74,19.81,64.44,87.26,16.67,28.53,89.27,16.03,66.07,80.9,CSE,Medium,Medium,No,No,0.8099,31.5,Green/Safe: Maintain the current support plan.
64.07,7.25,2.46,-3.31,11.88,56.32,68.11,15.23,64.33,68.45,26.57,29.08,68.06,15.52,48.72,78.84,12.87,24.46,73.63,19.93,62.57,56.0,20.26,55.32,66.17,11.06,70.0,66.19,13.3,49.71,68.36,24.97,58.91,61.93,CSE,Medium,Medium,No,Yes,0.9417,54.3,Priority 1: Software Engineering (Weakness Score: 51.1/100)
58.7,6.9,-2.64,3.05,24.8,18.4,48.91,16.34,48.28,50.77,27.62,52.55,51.81,24.99,39.1,52.8,24.48,8.21,66.05,16.43,34.28,78.28,17.34,59.34,61.49,21.91,41.24,55.67,27.64,58.96,53.7,14.77,36.23,68.52,CSE,Medium,Medium,No,Yes,0.9578,61.5,Overall Attendance Alert: Schedule mentoring. | Priority 1: Software Engineering (Weakness Score: 51.0/100) | Priority 2: Algorithms (Weakness Score: 50.0/100) | Priority 3: Data Structures (Weakness Score: 40.8/100)
68.54,6.76,1.21,-12.3,25.17,65.36,72.29,23.85,66.13,65.11,22.2,12.8,52.74,22.5,54.79,64.67,16.97,39.67,70.46,8.43,51.98,68.87,21.24,43.14,54.71,14.51,67.85,62.12,24.04,28.76,68.39,17.8,40.69,65.14,CSE,Medium,Medium,No,Yes,0.897,67.6,Priority 1: Database Systems (Weakness Score: 54.7/100)
45.59,7.72,-0.7,-5.4,20.27,45.11,48.83,24.82,22.96,36.69,17.57,30.45,47.89,21.09,45.88,41.56,26.74,48.25,44.09,20.33,56.16,47.73,15.68,70.0,50.21,14.24,17.76,52.48,26.46,51.78,51.71,23.19,45.07,28.77,CSE,Medium,Medium,No,Yes,0.9258,60.0,Overall Attendance Alert: Schedule mentoring. | Priority 1: Data Structures (Weakness Score: 51.1/100) | Priority 2: Database Systems (Weakness Score: 50.7/100) | Priority 3: Operating Systems (Weakness Score: 40.2/100)
63.57,8.54,21.16,6.67,19.98,27.72,75.11,26.32,48.49,61.11,23.11,41.83,43.01,22.82,58.38,77.98,16.35,48.39,66.05,20.43,46.72,63.94,21.06,56.11,75.77,16.22,42.42,59.34,17.17,20.76,63.81,22.4,42.67,63.48,CSE,Medium,Medium,No,Yes,0.8013,52.2,Priority 1: Algorithms (Weakness Score: 41.6/100) | Priority 2: Database Systems (Weakness Score: 40.1/100)
69.08,6.91,3.39,-2.9,25.18,56.28,46.33,20.2,43.09,75.91,17.74,41.52,75.28,16.13,36.39,71.01,26.69,57.13,79.84,20.32,67.43,51.67,30.0,70.0,73.65,24.16,44.43,66.99,16.95,44.26,74.64,22.1,70.0,70.08,CSE,Medium,Medium,No,No,0.9415,30.0,Priority 1: Operating Systems (Weakness Score: 41.8/100)
97.09,7.18,4.95,3.77,21.64,63.09,98.66,15.49,30.13,87.92,27.61,43.93,80.31,21.92,47.12,92.61,14.9,29.04,100.0,21.24,52.18,99.54,21.64,37.97,95.04,25.82,66.22,84.87,18.96,57.59,100.0,28.91,33.06,100.0,CSE,Medium,Medium,No,No,0.9691,31.4,Priority 1: Data Structures (Weakness Score: 40.9/100)
82.55,9.5,-18.61,12.89,12.7,31.08,78.18,25.29,48.93,92.76,19.39,45.01,87.54,19.11,35.63,67.65,17.01,57.54,95.15,16.13,18.99,91.81,20.35,24.79,51.44,15.18,38.06,71.03,23.46,32.81,82.67,30.0,46.76,81.39,CSE,Medium,Medium,No,Yes,0.9038,81.4,CRITICAL: Attendance dropped by 18.6% recently. | Priority 1: Algorithms (Weakness Score: 46.1/100) | Priority 2: Operating Systems (Weakness Score: 40.2/100)
75.24,6.52,14.57,8.42,20.6,13.65,87.7,14.86,16.94,57.2,15.72,52.29,86.85,21.71,70.0,71.21,18.84,17.0,69.48,9.79,24.87,81.54,11.56,21.18,57.66,23.88,69.58,74.49,24.71,27.54,87.54,16.42,55.01,74.97,CSE,Medium,Medium,No,Yes,0.9757,63.4,Priority 1: Data Structures (Weakness Score: 58.3/100) | Priority 2: Software Engineering (Weakness Score: 50.6/100) | Priority 3: Algorithms (Weakness Score: 45.3/100)
81.75,6.9,6.71,14.42,19.12,47.25,97.18,20.88,62.83,62.22,17.79,50.95,92.56,23.85,55.14,92.36,22.38,12.85,96.17,15.81,49.7,83.56,20.24,28.41,62.36,14.99,57.39,67.28,15.6,51.27,71.48,17.28,46.23,84.58,CSE,Medium,Medium,No,Yes,0.9309,54.8,Priority 1: Software Engineering (Weakness Score: 41.4/100)
62.93,8.48,-8.43,-8.02,18.23,27.54,70.88,14.91,46.01,58.84,23.83,39.87,52.87,24.95,32.61,64.48,26.37,34.05,61.9,17.84,46.97,62.25,24.6,35.69,75.67,28.02,48.85,55.03,19.79,43.13,80.66,19.48,65.74,64.05,CSE,Medium,Medium,No,No,0.8875,53.8,Priority 1: Algorithms (Weakness Score: 44.8/100) | Priority 2: Data Structures (Weakness Score: 41.1/100)
69.73,6.77,-0.2,9.74,22.03,48.31,75.33,18.93,66.62,76.58,23.51,23.79,70.69,17.45,32.08,63.46,19.72,51.85,79.54,24.67,49.39,70.28,18.38,41.29,61.92,17.86,50.31,85.13,19.25,32.88,79.42,9.99,60.65,55.4,CSE,Medium,Medium,No,No,0.9653,35.1,Priority 1: Operating Systems (Weakness Score: 45.2/100) | Priority 2: Database Systems (Weakness Score: 41.7/100)
78.65,5.39,-12.93,-7.88,23.41,47.89,82.99,25.29,32.72,74.26,11.0,39.31,72.52,23.27,51.92,93.66,17.49,50.95,86.05,30.0,51.53,78.17,20.63,51.98,92.38,17.87,34.34,100.0,14.37,57.83,82.81,21.61,26.59,100.0,CSE,Medium,Medium,No,No,0.9858,65.8,CRITICAL: Attendance dropped by 12.9% recently. | Low Base GPA: Review overall progress. | Priority 1: Database Systems (Weakness Score: 44.8/100)
61.49,7.81,10.11,-11.81,20.01,70.0,64.53,21.67,52.43,70.2,22.27,49.23,68.6,7.87,70.0,77.38,21.09,23.8,73.59,16.53,53.01,48.66,30.0,23.37,62.18,9.39,44.38,57.23,25.69,38.62,72.87,14.88,40.77,58.87,CSE,Medium,Medium,No,No,0.9553,46.0,Priority 1: Software Engineering (Weakness Score: 43.2/100)
96.38,5.94,12.81,-12.19,27.96,58.61,88.22,29.18,43.82,100.0,15.31,38.22,100.0,15.61,45.83,100.0,14.89,18.34,100.0,30.0,51.88,100.0,15.58,67.05,92.61,25.82,54.11,100.0,22.97,53.42,99.21,24.85,34.11,93.99,CSE,Medium,Medium,No,Yes,0.9556,67.8,Low Base GPA: Review overall progress. | Priority 1: Software Engineering (Weakness Score: 44.6/100)
84.5,5.89,-4.77,10.6,25.3,28.45,80.59,14.1,47.09,89.38,26.71,27.34,88.23,27.18,29.97,72.14,12.63,54.37,77.25,22.39,41.76,100.0,23.94,32.94,81.48,23.94,28.97,96.32,18.75,57.13,82.54,17.38,34.69,100.0,CSE,Medium,Medium,No,No,0.9889,47.0,Low Base GPA: Review overall progress.
80.28,6.51,-7.08,-5.4,18.13,56.67,85.1,18.26,60.34,82.33,20.82,42.93,97.12,16.43,40.16,67.91,23.63,36.27,75.58,17.42,45.94,67.77,8.78,51.87,59.14,24.27,68.38,78.64,26.5,44.64,96.27,17.72,9.53,79.48,CSE,Medium,Medium,No,Yes,0.9181,72.7,Priority 1: Operating Systems (Weakness Score: 40.2/100)
100.0,7.45,4.8,-5.87,15.48,60.93,100.0,16.89,55.07,100.0,19.4,70.0,95.47,26.2,50.72,99.83,26.86,49.35,99.04,26.9,63.74,100.0,0.56,51.6,100.0,19.83,54.15,100.0,23.39,40.98,100.0,23.89,53.14,100.0,CSE,Medium,Medium,No,No,0.8702,33.0,Green/Safe: Maintain the current support plan.
77.64,4.21,15.16,-22.48,18.98,42.08,80.59,17.25,70.0,68.01,27.2,26.38,75.0,21.55,31.01,67.62,18.6,58.44,78.46,29.47,53.47,73.06,6.53,21.74,74.98,12.18,42.11,79.87,18.54,40.93,97.21,20.33,42.93,67.69,CSE,Medium,Medium,No,Yes,0.9677,89.2,CRITICAL: Marks declined significantly (-22.5%). | Low Base GPA: Review overall progress. | Priority 1: Operating Systems (Weakness Score: 40.4/100)
94.3,7.27,14.93,-5.59,24.91,70.0,93.72,22.45,43.5,96.49,15.37,66.68,89.72,14.5,33.46,100.0,16.51,67.75,100.0,24.31,38.72,88.09,20.16,27.19,99.03,24.59,34.62,100.0,21.27,61.74,100.0,23.91,44.16,100.0,CSE,Medium,Medium,No,No,0.9497,36.4,Green/Safe: Maintain the current support plan.
71.56,5.61,19.14,-5.49,18.28,55.84,74.44,22.01,48.25,75.61,22.65,40.88,72.39,28.72,47.13,71.99,20.51,41.73,67.21,21.04,37.41,70.11,16.05,46.62,77.4,18.94,14.87,77.46,20.6,30.1,79.29,13.01,60.68,70.99,CSE,Medium,Medium,No,Yes,0.9802,65.5,Low Base GPA: Review overall progress.
80.62,5.91,-14.39,-16.32,18.06,70.0,88.4,18.68,35.82,80.19,20.65,38.71,85.92,15.23,30.62,84.32,14.16,55.94,80.47,10.86,46.64,63.76,23.47,41.27,99.13,25.36,29.09,60.41,16.22,26.68,98.87,19.95,59.0,77.77,CSE,Medium,Medium,No,No,0.9618,80.0,CRITICAL: Attendance dropped by 14.4% recently. | CRITICAL: Marks declined significantly (-16.3%). | Low Base GPA: Review overall progress. | Priority 1: Operating Systems (Weakness Score: 42.0/100)
55.16,6.81,2.52,12.7,21.44,54.15,51.02,19.71,12.32,58.92,20.49,28.49,54.12,18.71,70.0,44.55,21.66,28.64,49.58,21.38,41.83,55.1,21.66,37.59,64.0,18.47,43.54,58.77,21.14,54.66,58.33,22.35,40.12,44.47,CSE,Medium,Medium,No,Yes,0.9835,56.1,Overall Attendance Alert: Schedule mentoring. | Priority 1: Data Structures (Weakness Score: 55.6/100) | Priority 2: Software Engineering (Weakness Score: 47.1/100) | Priority 3: Database Systems (Weakness Score: 47.0/100)
73.53,8.07,-6.62,-16.5,23.08,65.42,84.34,19.48,53.55,81.61,30.0,35.94,88.62,14.54,62.7,67.32,16.58,40.73,65.77,22.13,63.4,52.41,19.13,28.7,82.58,27.1,42.38,66.5,11.92,70.0,86.72,10.11,54.83,62.41,CSE,Medium,Medium,No,No,0.8916,57.2,CRITICAL: Marks declined significantly (-16.5%). | Priority 1: Software Engineering (Weakness Score: 40.4/100)
53.73,6.66,-21.17,-18.77,26.99,43.46,68.5,21.87,50.71,77.79,28.26,70.0,45.76,30.0,43.77,51.46,9.2,49.89,42.9,22.04,27.58,71.71,22.76,70.0,43.5,27.75,17.96,55.82,16.84,38.28,48.57,15.43,26.1,49.31,CSE,Medium,Medium,No,Yes,0.9246,88.0,CRITICAL: Attendance dropped by 21.2% recently. | CRITICAL: Marks declined significantly (-18.8%). | Overall Attendance Alert: Schedule mentoring. | Priority 1: Software Engineering (Weakness Score: 49.4/100)
80.81,8.53,-22.03,-14.85,12.81,25.29,74.04,17.77,44.46,80.65,18.64,55.19,73.2,26.32,59.1,89.47,16.7,43.25,88.03,19.0,34.51,73.41,16.55,27.59,100.0,10.24,30.29,86.77,16.59,39.72,84.76,25.16,40.9,90.03,CSE,Medium,Medium,No,Yes,0.8371,100.0,CRITICAL: Attendance dropped by 22.0% recently. | Priority 1: Algorithms (Weakness Score: 50.5/100)
89.55,8.15,10.51,12.24,22.43,40.32,100.0,17.37,44.31,69.33,27.87,36.98,100.0,16.65,43.82,81.73,15.33,40.6,88.16,18.18,22.17,92.38,10.22,39.93,73.74,24.5,63.48,95.47,17.62,33.88,87.01,19.73,52.24,93.53,CSE,Medium,Medium,No,No,0.9531,36.2,Green/Safe: Maintain the current support plan.
54.6,6.41,-4.96,-5.52,15.67,59.32,58.88,13.47,29.95,33.23,24.55,55.33,43.71,23.25,70.0,39.2,16.92,21.58,64.08,19.52,39.03,56.87,17.22,38.98,57.34,16.95,37.97,53.03,20.46,54.02,60.43,12.5,66.12,55.19,CSE,Medium,Medium,No,Yes,0.9507,69.4,Overall Attendance Alert: Schedule mentoring. | Priority 1: Data Structures (Weakness Score: 59.4/100) | Priority 2: Software Engineering (Weakness Score: 51.5/100)
100.0,6.96,-19.79,3.06,24.1,46.11,91.84,14.04,12.47,100.0,11.57,42.97,100.0,14.65,43.15,100.0,18.63,51.91,95.55,18.61,31.67,98.64,20.03,31.14,100.0,7.67,61.23,85.83,25.2,54.31,100.0,14.37,41.95,100.0,CSE,Medium,Medium,No,Yes,0.9839,88.4,CRITICAL: Attendance dropped by 19.8% recently. | Priority 1: Data Structures (Weakness Score: 48.8/100)
87.44,5.66,3.07,9.09,26.62,16.9,92.03,18.01,32.11,99.02,24.45,14.9,94.59,22.97,34.15,79.08,12.05,39.94,85.66,23.98,49.04,76.84,21.19,41.19,78.09,12.05,54.37,91.9,22.78,34.08,89.15,13.12,30.2,87.77,CSE,Medium,Medium,No,Yes,0.9844,65.6,Low Base GPA: Review overall progress.
65.15,7.29,11.17,-30.48,27.05,41.45,70.76,24.03,0.0,77.8,15.74,39.59,80.55,27.23,52.39,72.44,24.89,66.45,80.73,20.54,33.94,62.6,20.64,44.2,55.03,22.18,21.48,66.01,20.75,46.73,73.67,23.59,70.0,59.98,CSE,Medium,Medium,No,Yes,0.9703,90.5,CRITICAL: Marks declined significantly (-30.5%). | Priority 1: Data Structures (Weakness Score: 52.6/100)
74.18,8.66,16.9,3.81,28.19,48.62,78.57,14.46,56.1,90.56,24.35,25.32,69.53,20.54,36.34,99.51,17.59,44.35,68.17,21.16,65.74,75.32,18.9,28.89,86.26,19.28,42.2,50.79,19.36,38.98,55.92,24.95,36.97,93.13,CSE,Medium,Medium,No,No,0.916,32.1,Priority 1: Database Systems (Weakness Score: 40.3/100)
72.68,8.8,-2.76,-20.15,22.57,54.99,76.87,13.38,30.86,76.1,12.28,31.71,73.05,16.12,48.44,71.78,16.06,33.53,85.46,21.92,48.71,73.23,15.46,36.53,48.67,16.82,35.71,78.17,16.98,56.79,70.08,20.74,44.53,79.68,CSE,Medium,Medium,No,No,0.9485,62.7,CRITICAL: Marks declined significantly (-20.1%). | Priority 1: Database Systems (Weakness Score: 47.7/100) | Priority 2: Data Structures (Weakness Score: 46.2/100)
87.36,6.27,17.71,15.77,26.26,66.44,96.46,17.06,29.56,92.7,16.04,67.13,70.32,22.83,49.79,85.3,15.37,14.07,82.05,17.43,61.68,79.53,22.26,25.62,92.17,8.81,70.0,85.95,6.03,34.23,78.61,16.72,39.53,80.74,CSE,Medium,Medium,No,Yes,0.9447,56.7,Priority 1: Software Engineering (Weakness Score: 52.0/100)
47.22,5.73,-9.93,17.57,22.25,31.66,46.46,19.04,70.0,54.45,23.53,58.8,41.76,26.88,47.39,46.77,13.93,38.98,29.56,18.76,36.36,43.23,13.07,55.55,53.14,28.45,69.92,48.78,25.12,48.92,42.94,18.61,54.58,88.1,CSE,Medium,Medium,No,Yes,0.8923,45.6,Overall Attendance Alert: Schedule mentoring. | Low Base GPA: Review overall progress. | Priority 1: Software Engineering (Weakness Score: 54.9/100) | Priority 2: Algorithms (Weakness Score: 45.7/100)
58.73,8.36,12.06,-15.62,20.71,36.57,81.31,25.96,70.0,50.85,10.87,40.61,83.9,18.39,60.78,48.48,15.85,43.8,79.83,25.5,14.2,65.4,14.26,34.78,63.83,26.99,65.24,62.05,21.73,65.19,42.98,29.14,33.96,61.34,CSE,Medium,Medium,No,Yes,0.8064,67.8,CRITICAL: Marks declined significantly (-15.6%). | Overall Attendance Alert: Schedule mentoring. | Priority 1: Database Systems (Weakness Score: 40.8/100)
67.97,7.06,0.66,-16.05,12.0,55.53,78.06,21.0,35.17,72.4,14.81,27.45,75.99,25.48,33.86,56.32,15.61,47.96,56.33,26.42,38.03,71.64,16.28,53.76,74.63,11.61,34.81,66.41,17.37,58.07,62.0,23.57,52.27,66.89,CSE,Medium,Medium,No,No,0.9905,55.7,CRITICAL: Marks declined significantly (-16.1%). | Priority 1: Database Systems (Weakness Score: 46.7/100) | Priority 2: Software Engineering (Weakness Score: 40.1/100)
80.38,8.27,-0.07,15.14,26.73,33.49,90.84,19.97,19.62,88.29,19.95,43.88,86.85,15.25,56.58,71.26,27.56,62.09,95.76,22.32,38.64,73.18,16.1,42.41,73.52,21.62,32.92,74.16,18.1,33.36,76.96,22.92,31.74,68.35,CSE,Medium,Medium,No,Yes,0.883,54.9,Priority 1: Data Structures (Weakness Score: 42.3/100)
59.62,8.17,18.95,7.98,15.7,45.96,56.08,24.45,49.32,43.84,25.49,59.5,74.57,17.42,49.51,47.77,19.74,50.95,53.26,21.71,47.52,55.12,26.99,41.48,60.95,12.67,52.79,54.85,24.79,25.33,63.93,9.09,54.24,57.87,CSE,Medium,Medium,No,Yes,0.6749,28.9,Overall Attendance Alert: Schedule mentoring. | Priority 1: Algorithms (Weakness Score: 41.2/100)
86.43,6.44,6.63,-2.49,18.4,44.06,81.76,27.32,41.33,73.91,30.0,24.37,85.45,15.79,34.48,75.83,17.3,59.76,67.41,26.3,61.33,91.52,20.63,49.15,100.0,11.27,55.91,78.97,24.13,35.8,93.5,12.26,19.61,85.3,CSE,Medium,Medium,No,Yes,0.9801,58.5,Priority 1: Operating Systems (Weakness Score: 41.8/100)
85.97,9.25,-8.01,-2.65,21.61,70.0,85.99,25.75,51.63,90.36,18.19,39.64,90.94,15.66,36.37,86.13,26.2,46.21,86.62,14.71,70.0,97.04,26.1,23.21,89.49,15.31,56.57,89.19,22.59,34.25,75.57,16.8,49.62,83.55,CSE,Medium,Medium,No,No,0.7305,42.2,Green/Safe: Maintain the current support plan.
71.79,7.91,11.31,-17.69,21.18,68.47,72.82,10.45,29.34,72.94,21.21,36.21,63.83,16.96,42.83,71.3,14.51,48.69,74.16,19.45,34.64,78.5,26.62,38.28,65.5,22.33,27.44,59.02,16.76,49.64,62.98,19.91,14.86,77.95,CSE,Medium,Medium,No,Yes,0.9844,78.5,CRITICAL: Marks declined significantly (-17.7%). | Priority 1: Data Structures (Weakness Score: 50.9/100)
88.39,9.06,-1.3,-17.54,28.19,49.18,100.0,17.92,32.98,71.56,24.84,51.16,84.32,16.04,61.9,86.62,19.17,35.99,84.32,22.75,23.75,89.2,24.78,43.73,98.94,26.7,58.55,83.02,19.82,50.19,83.7,17.48,36.55,100.0,CSE,Medium,Medium,No,No,0.8578,51.8,CRITICAL: Marks declined significantly (-17.5%). | Priority 1: Data Structures (Weakness Score: 41.8/100)
48.4,6.37,5.48,-20.3,25.58,32.4,53.86,16.43,57.19,49.39,12.74,27.44,33.5,24.56,26.12,44.71,19.6,48.33,43.79,12.12,26.9,37.88,6.76,51.47,53.45,14.64,64.57,47.33,24.24,56.64,47.06,9.85,47.99,53.66,CSE,Medium,Medium,No,Yes,0.9509,82.6,CRITICAL: Marks declined significantly (-20.3%). | Overall Attendance Alert: Schedule mentoring. | Priority 1: Database Systems (Weakness Score: 61.5/100) | Priority 2: Operating Systems (Weakness Score: 47.1/100)
77.26,7.98,-0.3,8.64,21.94,61.21,72.98,27.48,50.29,96.75,15.84,35.37,74.94,13.94,58.89,76.51,14.27,32.66,68.56,24.62,51.86,75.94,18.17,41.42,95.07,18.83,57.86,73.97,28.41,26.71,85.33,16.2,70.0,84.24,CSE,Medium,Medium,No,No,0.8549,30.3,Priority 1: Software Engineering (Weakness Score: 46.5/100) | Priority 2: Database Systems (Weakness Score: 41.5/100)
75.37,7.18,-5.61,16.84,16.96,45.27,76.88,12.89,32.43,71.82,22.18,52.1,65.03,13.88,30.8,83.33,17.63,46.6,79.54,26.14,26.69,87.5,22.89,70.0,89.42,20.55,33.78,81.98,14.4,48.24,67.93,18.79,12.27,74.53,CSE,Medium,Medium,No,Yes,0.9883,67.2,Priority 1: Data Structures (Weakness Score: 47.0/100) | Priority 2: Operating Systems (Weakness Score: 43.5/100)
90.45,7.79,-13.04,6.52,16.29,31.61,93.35,24.06,43.07,100.0,16.09,42.97,89.94,25.46,46.59,91.79,11.73,31.5,100.0,9.62,65.14,95.45,16.26,32.52,100.0,27.06,43.21,91.8,16.77,47.02,83.71,19.61,70.0,89.5,CSE,Medium,Medium,No,No,0.9492,53.1,CRITICAL: Attendance dropped by 13.0% recently. | Priority 1: Software Engineering (Weakness Score: 40.3/100)
83.34,6.48,-7.7,9.27,18.65,56.26,87.93,19.48,19.41,95.16,15.38,70.0,74.89,21.27,54.54,81.37,21.56,40.76,100.0,21.01,43.25,85.78,25.66,50.86,85.17,12.83,62.33,86.84,17.77,49.9,97.25,23.58,70.0,92.08,CSE,Medium,Medium,No,Yes,0.901,61.7,Priority 1: Data Structures (Weakness Score: 40.9/100)
94.72,10.0,-6.77,0.51,15.98,44.95,99.17,18.7,67.79,100.0,23.22,26.56,100.0,15.98,70.0,100.0,22.56,60.48,63.89,19.02,61.53,100.0,13.9,40.59,69.36,22.06,16.75,100.0,25.91,37.88,99.93,18.91,48.63,83.25,CSE,Medium,Medium,No,Yes,0.7855,55.6,Green/Safe: Maintain the current support plan.
84.24,7.94,18.91,15.35,23.57,43.54,77.09,16.66,45.02,75.75,23.34,62.93,93.98,30.0,51.16,100.0,20.92,40.82,85.43,20.83,43.15,73.42,15.1,62.0,92.58,28.89,39.11,79.38,14.25,60.84,75.32,19.85,49.7,68.61,CSE,Medium,Medium,No,No,0.7514,27.6,Green/Safe: Maintain the current support plan.
69.12,8.36,16.25,6.21,24.49,0.0,61.1,10.45,63.54,77.91,14.83,49.34,81.14,26.79,38.91,47.03,15.51,56.49,90.11,19.73,35.9,93.11,22.03,26.58,67.93,25.0,43.94,77.06,11.97,23.49,61.77,18.59,50.01,75.49,CSE,Medium,Medium,No,Yes,0.9011,57.5,Priority 1: Algorithms (Weakness Score: 57.2/100)
57.76,8.78,7.26,-2.13,23.39,29.36,58.76,15.44,46.45,48.69,26.39,56.75,69.29,25.26,40.94,53.51,28.71,42.52,44.22,25.04,47.16,72.82,21.21,44.7,73.02,12.31,36.22,48.89,9.02,58.1,52.19,24.53,50.84,63.83,CSE,Medium,Medium,No,Yes,0.6231,31.7,Overall Attendance Alert: Schedule mentoring. | Priority 1: Data Structures (Weakness Score: 43.4/100) | Priority 2: Algorithms (Weakness Score: 42.2/100)
76.18,9.01,-12.04,19.5,27.06,39.12,70.76,19.24,70.0,84.53,22.89,53.5,65.43,23.03,39.36,74.78,19.04,60.02,95.09,15.75,62.04,75.37,24.31,51.06,71.08,17.38,43.4,80.85,23.03,70.0,82.75,14.08,65.58,83.29,CSE,High,High,No,No,0.6846,39.4,CRITICAL: Attendance dropped by 12.0% recently.
74.5,8.94,-11.22,-8.11,21.02,25.9,77.83,15.91,56.0,61.32,17.16,33.73,71.52,26.88,57.69,69.7,17.6,58.28,62.86,20.11,35.91,72.78,24.05,34.96,84.24,30.0,54.06,73.66,25.79,28.37,89.71,16.23,70.0,67.33,CSE,Medium,Medium,No,No,0.7557,55.0,CRITICAL: Attendance dropped by 11.2% recently. | Priority 1: Database Systems (Weakness Score: 42.1/100) | Priority 2: Algorithms (Weakness Score: 40.8/100)
88.08,7.52,1.77,15.94,22.1,56.71,87.71,25.06,41.92,81.64,24.53,44.14,90.53,24.91,47.08,86.59,17.32,60.93,84.66,19.74,49.3,90.91,25.07,43.95,100.0,18.76,50.56,86.24,30.0,39.74,85.48,20.57,41.0,91.22,CSE,Medium,Medium,No,No,0.8735,30.0,Green/Safe: Maintain the current support plan.
69.01,9.07,-4.18,-3.61,18.34,70.0,62.57,23.3,42.03,73.41,14.59,21.82,82.78,13.35,67.25,65.3,15.86,37.25,85.03,16.51,39.27,78.76,22.37,70.0,80.66,16.52,64.54,49.78,23.85,35.18,74.96,29.82,19.94,78.24,CSE,Medium,Medium,No,Yes,0.7683,59.5,Priority 1: Database Systems (Weakness Score: 48.1/100)
59.05,6.32,3.68,-9.24,21.18,57.43,65.62,18.21,32.96,72.21,16.13,16.26,44.51,17.12,67.39,47.16,27.61,64.6,61.3,7.25,27.24,52.71,28.65,36.46,51.32,20.94,23.86,58.8,16.01,70.0,49.87,29.65,27.9,61.67,CSE,Medium,Medium,No,Yes,0.9744,69.4,Overall Attendance Alert: Schedule mentoring. | Priority 1: Database Systems (Weakness Score: 61.2/100) | Priority 2: Data Structures (Weakness Score: 41.3/100)
69.87,7.24,-10.84,24.47,21.9,53.08,71.96,20.6,35.9,64.4,19.14,30.58,59.09,19.55,59.84,49.14,18.04,49.09,80.59,29.0,41.13,89.59,22.28,57.21,59.21,22.27,58.51,62.97,6.97,47.24,67.72,26.72,36.93,62.82,CSE,Medium,Medium,No,No,0.9508,47.4,CRITICAL: Attendance dropped by 10.8% recently. | Priority 1: Database Systems (Weakness Score: 45.7/100)
76.29,10.0,0.21,-13.56,21.96,41.68,80.81,19.26,70.0,55.63,18.59,41.2,74.95,25.4,38.29,81.21,21.16,57.58,74.92,21.61,43.15,66.43,28.0,33.57,71.51,15.72,51.03,71.51,27.58,53.01,73.52,15.45,43.34,81.49,CSE,High,High,No,No,0.5157,40.9,Green/Safe: Maintain the current support plan.
75.97,10.0,-14.42,-7.81,9.15,52.52,76.95,23.02,61.93,73.44,6.56,41.15,64.52,27.16,39.44,84.38,27.31,33.78,76.72,20.2,70.0,88.63,14.68,35.84,71.33,15.94,40.25,70.67,20.18,43.27,87.51,16.19,19.96,71.04,CSE,Medium,Medium,No,Yes,0.8106,80.8,CRITICAL: Attendance dropped by 14.4% recently. | Priority 1: Database Systems (Weakness Score: 50.6/100)
31.99,7.89,-6.67,-11.9,28.89,39.17,12.0,18.99,49.49,34.01,19.21,67.32,33.36,19.48,33.33,14.53,21.65,48.68,21.4,19.78,42.84,25.75,16.03,51.08,29.74,17.05,32.07,30.69,24.62,48.1,29.62,21.54,65.47,36.9,CSE,Medium,Medium,No,Yes,0.8824,53.2,Overall Attendance Alert: Schedule mentoring. | Priority 1: Operating Systems (Weakness Score: 57.1/100) | Priority 2: Algorithms (Weakness Score: 45.1/100) | Priority 3: Software Engineering (Weakness Score: 44.1/100)
63.29,9.12,16.24,8.93,26.67,46.27,56.01,17.2,27.27,73.4,29.19,22.59,73.73,18.77,64.01,44.96,21.13,38.88,69.88,20.31,45.33,62.23,27.81,42.38,71.94,23.14,58.33,53.15,23.54,50.05,51.4,18.94,70.0,59.38,CSE,Medium,Medium,No,No,0.7752,26.1,Priority 1: Data Structures (Weakness Score: 45.2/100)
73.05,6.35,14.19,-1.33,23.27,54.71,64.31,17.03,45.08,53.72,18.29,33.11,74.77,14.37,51.44,75.28,19.49,52.04,78.98,18.81,45.53,66.27,16.55,68.71,71.03,19.94,43.84,76.77,17.28,38.28,82.42,12.56,47.8,64.84,CSE,Medium,Medium,No,No,0.9911,37.3,Priority 1: Data Structures (Weakness Score: 41.1/100) | Priority 2: Database Systems (Weakness Score: 40.4/100)
63.96,6.91,4.56,-23.28,15.06,51.33,49.29,24.93,25.25,55.1,15.16,54.31,52.76,22.55,34.89,62.79,17.32,70.0,47.32,22.45,44.86,56.16,21.97,30.59,53.22,14.27,46.24,57.96,15.67,50.14,74.74,12.91,49.96,69.19,CSE,Medium,Medium,No,No,0.9259,62.9,CRITICAL: Marks declined significantly (-23.3%). | Priority 1: Data Structures (Weakness Score: 44.1/100) | Priority 2: Algorithms (Weakness Score: 40.8/100)
48.52,7.18,4.46,26.94,20.54,40.25,50.26,20.34,37.43,45.05,10.74,57.45,51.5,8.47,56.9,47.99,15.32,29.62,41.64,15.34,33.04,65.53,21.86,70.0,50.78,22.9,31.79,46.84,19.59,54.3,48.03,21.76,49.73,45.49,CSE,Medium,Medium,No,Yes,0.9337,35.6,Overall Attendance Alert: Schedule mentoring. | Priority 1: Software Engineering (Weakness Score: 55.3/100) | Priority 2: Data Structures (Weakness Score: 44.8/100) | Priority 3: Operating Systems (Weakness Score: 44.6/100)
88.48,8.85,-9.79,10.36,23.47,40.02,100.0,24.7,29.1,95.21,19.65,52.89,81.24,21.56,60.89,96.7,25.47,70.0,83.81,29.03,49.43,84.61,19.96,58.54,84.8,10.2,57.6,90.75,17.4,26.09,92.55,26.45,31.55,91.3,CSE,Medium,Medium,No,No,0.7537,42.1,Green/Safe: Maintain the current support plan.
55.0,6.44,-13.36,-13.95,19.24,43.44,66.34,26.16,47.19,75.63,20.95,60.49,54.0,14.3,38.62,69.74,18.68,38.0,54.96,18.05,62.91,73.85,20.03,53.11,64.72,20.54,31.83,50.9,22.06,50.91,37.08,17.82,33.94,63.82,CSE,Medium,Medium,No,Yes,0.9366,70.8,CRITICAL: Attendance dropped by 13.4% recently. | Overall Attendance Alert: Schedule mentoring. | Priority 1: Software Engineering (Weakness Score: 43.1/100) | Priority 2: Operating Systems (Weakness Score: 42.7/100)
64.12,7.06,7.85,1.53,25.81,38.93,84.32,21.52,64.01,70.43,26.58,53.56,66.47,25.47,70.0,61.42,23.97,44.92,69.18,20.21,12.63,62.12,25.0,33.52,73.33,20.92,42.13,73.18,23.41,51.31,74.28,21.02,20.33,60.34,CSE,Medium,Medium,No,Yes,0.9733,53.3,Green/Safe: Maintain the current support plan.
43.54,7.94,0.81,-8.07,24.88,30.58,42.85,15.95,41.79,61.84,19.46,70.0,39.68,27.46,20.61,40.67,17.32,68.07,45.39,9.56,25.35,33.41,24.67,57.08,40.53,17.26,55.75,32.24,22.29,50.59,40.79,21.99,46.53,48.51,CSE,Medium,Medium,No,Yes,0.8453,60.7,Overall Attendance Alert: Schedule mentoring. | Priority 1: Operating Systems (Weakness Score: 48.6/100) | Priority 2: Algorithms (Weakness Score: 44.8/100) | Priority 3: DSA LAB (Weakness Score: 41.9/100)
94.52,8.14,0.73,-17.34,13.96,26.93,100.0,30.0,32.92,96.67,21.55,37.05,100.0,30.0,36.03,100.0,17.27,30.45,93.12,24.35,43.44,100.0,21.13,65.29,99.82,27.65,32.14,92.48,19.99,32.19,84.45,21.91,54.98,95.64,CSE,Medium,Medium,No,No,0.9653,55.1,CRITICAL: Marks declined significantly (-17.3%). | Priority 1: Algorithms (Weakness Score: 40.7/100)
65.56,6.97,18.12,6.86,26.62,70.0,50.86,27.2,36.14,62.94,21.41,68.21,68.37,22.06,57.8,75.67,22.56,60.26,59.58,11.33,70.0,55.18,17.33,40.03,60.52,16.37,51.95,70.3,23.1,53.36,61.39,17.91,61.79,60.35,CSE,High,Medium,No,No,0.8592,24.2,Green/Safe: Maintain the current support plan.
61.48,9.21,17.58,11.84,24.86,40.87,60.77,22.3,52.2,75.27,25.66,24.27,45.53,17.28,17.21,74.61,12.52,40.51,52.77,12.06,62.71,55.72,29.54,66.08,61.45,9.52,39.9,84.34,22.14,42.49,55.37,24.44,50.55,64.32,CSE,Medium,Medium,No,Yes,0.8822,50.0,Priority 1: Operating Systems (Weakness Score: 50.5/100) | Priority 2: Software Engineering (Weakness Score: 48.5/100) | Priority 3: Database Systems (Weakness Score: 46.8/100)
72.06,4.84,-9.63,20.68,25.84,62.09,66.12,29.02,70.0,75.73,17.67,32.09,76.78,20.32,47.74,58.58,20.16,62.16,80.21,17.93,43.36,57.38,16.67,39.9,78.39,16.47,29.46,79.64,17.89,32.42,80.18,22.29,41.89,68.55,CSE,Medium,Medium,No,No,0.9926,51.3,Low Base GPA: Review overall progress. | Priority 1: Database Systems (Weakness Score: 41.0/100)
63.21,8.38,3.56,15.19,14.49,17.42,74.03,23.58,26.57,69.72,20.21,25.62,52.71,19.25,56.12,69.15,17.31,51.89,61.59,16.33,59.41,64.77,22.55,28.53,58.02,24.1,40.79,60.98,14.69,47.95,52.42,21.83,30.11,61.12,CSE,Medium,Medium,No,Yes,0.9642,57.9,Priority 1: Algorithms (Weakness Score: 53.3/100) | Priority 2: Database Systems (Weakness Score: 49.3/100) | Priority 3: Data Structures (Weakness Score: 40.3/100)
97.05,8.07,-4.35,3.57,20.33,66.99,100.0,30.0,57.17,87.86,17.95,34.35,100.0,25.77,70.0,93.73,22.34,64.21,100.0,13.85,54.3,85.12,16.99,25.4,90.84,12.75,27.27,88.0,21.52,45.51,80.61,30.0,37.67,83.76,CSE,Medium,Medium,No,No,0.901,33.6,Green/Safe: Maintain the current support plan.
100.0,7.89,18.31,4.78,20.7,56.33,100.0,21.36,49.56,100.0,12.29,65.29,100.0,21.92,26.76,100.0,14.61,67.93,95.12,27.64,35.2,91.22,19.79,34.68,98.17,28.7,37.5,100.0,28.23,49.37,100.0,23.05,60.78,99.86,CSE,Medium,Medium,No,No,0.8971,27.7,Green/Safe: Maintain the current support plan.
81.83,8.02,8.91,-32.46,23.17,45.3,83.42,21.16,50.05,86.07,25.47,45.85,73.66,19.28,56.31,63.96,11.1,58.77,97.03,13.67,46.51,77.83,18.7,49.58,68.9,14.46,40.48,80.37,14.37,56.84,77.65,17.89,49.24,80.54,CSE,Medium,Medium,No,No,0.7925,68.5,CRITICAL: Marks declined significantly (-32.5%).
72.73,6.17,-6.39,15.59,21.99,70.0,65.68,10.81,55.72,65.01,18.63,18.45,63.74,12.49,38.49,68.79,20.45,63.6,79.5,11.89,54.12,73.85,19.51,44.66,74.78,16.54,42.26,84.57,16.48,29.55,72.11,14.35,19.16,69.29,CSE,Medium,Medium,No,Yes,0.99,69.7,Priority 1: Database Systems (Weakness Score: 51.7/100) | Priority 2: Operating Systems (Weakness Score: 44.9/100)
94.62,6.03,3.47,7.9,11.0,35.87,100.0,22.67,47.07,84.07,26.25,38.74,95.57,22.04,47.57,100.0,22.88,50.08,93.76,22.16,41.85,96.52,18.29,37.51,85.46,18.64,39.95,100.0,24.96,42.99,90.39,23.08,70.0,100.0,CSE,Medium,Medium,No,No,0.9576,34.7,Green/Safe: Maintain the current support plan.
61.15,8.98,-1.57,-2.45,10.76,60.18,77.98,11.02,37.99,52.65,24.87,38.78,56.6,22.11,68.39,60.53,17.65,40.73,67.73,13.34,44.75,51.77,13.99,15.83,56.0,25.39,15.25,66.57,16.76,29.05,64.59,26.55,67.47,63.98,CSE,Medium,Medium,No,Yes,0.897,59.9,Priority 1: Data Structures (Weakness Score: 51.5/100)
72.35,5.11,-8.31,-25.54,20.96,61.0,75.66,25.25,31.59,79.62,23.72,20.54,83.34,21.64,40.78,69.36,14.81,54.46,75.37,22.91,46.18,74.4,18.52,61.15,78.41,20.86,42.98,54.67,10.08,39.48,85.03,16.48,35.02,62.62,CSE,Medium,Medium,No,No,0.9878,83.0,CRITICAL: Marks declined significantly (-25.5%). | Low Base GPA: Review overall progress.
74.97,8.03,-2.25,7.4,20.08,56.07,86.73,26.11,68.79,93.18,18.22,70.0,100.0,13.49,36.17,78.57,21.16,19.7,65.47,21.08,41.73,81.18,29.78,26.33,98.11,29.41,19.11,63.03,17.98,30.7,80.79,23.17,47.12,78.71,CSE,Medium,Medium,No,No,0.8517,36.5,Priority 1: Software Engineering (Weakness Score: 47.9/100) | Priority 2: Operating Systems (Weakness Score: 42.3/100)
100.0,7.88,7.53,-13.77,25.8,39.3,100.0,19.93,51.67,100.0,22.32,58.66,100.0,24.57,50.49,100.0,23.71,44.66,100.0,15.79,18.56,100.0,16.25,70.0,92.48,24.06,35.03,100.0,14.64,27.52,100.0,18.23,56.79,100.0,CSE,Medium,Medium,No,Yes,0.9409,68.1,Green/Safe: Maintain the current support plan.
62.86,6.3,9.44,-7.99,21.01,0.0,53.19,23.39,30.19,68.0,24.42,43.31,45.22,16.32,55.27,75.43,9.59,46.21,48.19,20.45,42.64,86.47,17.31,60.73,72.95,19.03,46.78,62.87,16.28,32.55,58.76,14.31,37.49,60.91,CSE,Medium,Medium,No,Yes,0.9786,69.7,Priority 1: Algorithms (Weakness Score: 63.0/100) | Priority 2: Software Engineering (Weakness Score: 49.5/100)
84.29,5.56,17.18,-11.14,20.85,21.71,98.72,17.76,26.44,79.24,17.68,32.98,92.06,24.87,15.61,79.14,17.78,42.42,100.0,15.93,68.44,82.82,27.86,40.34,80.01,19.89,64.38,85.87,21.05,54.55,75.49,21.68,35.58,99.0,CSE,Medium,Medium,No,No,0.9808,52.8,Low Base GPA: Review overall progress. | Priority 1: Data Structures (Weakness Score: 43.4/100) | Priority 2: Operating Systems (Weakness Score: 42.5/100)
66.19,5.84,-5.82,0.17,27.42,32.94,64.9,11.74,53.25,66.02,20.09,42.64,60.41,30.0,45.57,69.16,14.3,58.28,64.96,22.23,58.54,65.15,16.62,10.08,62.32,16.59,27.85,80.72,24.91,17.55,67.73,15.91,50.5,58.19,CSE,Medium,Medium,No,Yes,0.9848,68.7,Low Base GPA: Review overall progress.
97.17,7.12,-0.35,4.11,21.39,49.83,96.24,23.95,54.67,75.41,18.71,60.22,86.98,11.54,42.92,100.0,17.7,64.39,100.0,10.37,39.24,74.36,23.31,34.8,92.42,25.74,25.07,81.38,8.61,64.06,100.0,18.53,25.87,100.0,CSE,Medium,Medium,No,No,0.9351,34.7,Green/Safe: Maintain the current support plan.
65.34,6.28,-10.28,-17.16,18.57,10.09,73.93,18.1,62.2,60.01,19.73,63.74,78.7,24.21,16.93,52.57,23.51,34.52,66.07,21.04,48.84,54.78,25.11,37.13,71.24,18.96,70.0,79.82,30.0,69.79,63.99,17.33,27.97,68.0,CSE,Medium,Medium,No,Yes,0.9592,90.3,CRITICAL: Attendance dropped by 10.3% recently. | CRITICAL: Marks declined significantly (-17.2%). | Priority 1: Algorithms (Weakness Score: 53.5/100) | Priority 2: Operating Systems (Weakness Score: 50.3/100)
69.79,8.18,-27.06,2.82,22.86,44.59,74.15,19.06,40.07,69.63,22.89,35.29,71.94,17.7,33.96,80.3,21.86,50.71,60.34,18.77,54.01,73.51,30.0,48.3,63.14,17.82,32.15,63.33,20.5,38.04,83.15,24.41,57.96,67.27,CSE,Medium,Medium,No,No,0.8878,71.7,CRITICAL: Attendance dropped by 27.1% recently.
87.72,6.24,-0.28,-5.25,21.34,41.31,73.45,18.49,39.21,96.53,12.77,37.31,80.22,23.72,36.82,98.18,19.76,52.35,98.78,13.99,41.29,91.93,20.99,25.55,94.68,20.24,46.92,85.51,4.09,53.18,93.6,17.89,22.73,82.37,CSE,Medium,Medium,No,No,0.9903,48.9,Priority 1: Database Systems (Weakness Score: 41.8/100)
64.5,7.07,24.44,4.4,27.13,57.52,54.28,21.33,42.95,67.13,20.86,55.08,79.29,21.5,52.99,79.15,17.31,31.0,71.22,13.89,32.89,79.55,11.41,49.54,50.08,22.05,70.0,54.37,9.48,50.35,58.22,19.08,50.47,70.13,CSE,Medium,Medium,No,No,0.9398,31.1,Priority 1: Software Engineering (Weakness Score: 43.6/100)
85.89,7.47,13.83,-6.26,11.45,56.48,87.43,27.93,42.45,89.3,23.17,14.49,97.0,19.35,25.93,85.14,25.86,39.86,86.93,9.99,32.17,92.97,25.29,48.16,91.73,18.0,45.31,75.28,17.55,44.58,70.26,30.0,34.43,87.99,CSE,Medium,Medium,No,Yes,0.9839,64.5,Priority 1: Operating Systems (Weakness Score: 40.3/100)
65.98,7.19,-6.52,-17.59,19.98,46.56,74.61,11.56,30.74,59.11,20.6,28.06,65.02,16.78,42.97,58.23,14.94,49.28,77.11,24.07,61.69,78.28,19.2,70.0,73.54,15.25,34.97,67.49,24.4,41.57,56.27,23.95,28.25,69.02,CSE,Medium,Medium,No,No,0.9892,65.2,CRITICAL: Marks declined significantly (-17.6%). | Priority 1: Data Structures (Weakness Score: 53.1/100) | Priority 2: Database Systems (Weakness Score: 43.9/100) | Priority 3: Operating Systems (Weakness Score: 41.2/100)
64.54,9.36,-13.82,9.48,15.6,33.0,72.43,17.51,28.97,56.94,19.22,33.76,61.46,21.74,37.79,55.94,16.52,65.88,86.29,20.23,55.87,55.14,17.05,51.75,40.9,23.86,36.53,53.76,21.94,66.64,61.41,21.46,51.81,66.94,CSE,Medium,Medium,No,No,0.8229,49.7,CRITICAL: Attendance dropped by 13.8% recently. | Priority 1: Data Structures (Weakness Score: 48.9/100) | Priority 2: Algorithms (Weakness Score: 43.8/100) | Priority 3: Database Systems (Weakness Score: 43.1/100)
93.73,7.47,-12.52,10.44,24.15,34.47,85.95,30.0,50.68,100.0,22.47,47.43,100.0,29.53,19.75,93.38,19.78,38.56,100.0,21.28,70.0,100.0,26.82,27.01,85.67,16.38,64.85,84.06,15.31,28.18,100.0,19.29,52.95,82.33,CSE,Medium,Medium,No,No,0.9622,51.5,CRITICAL: Attendance dropped by 12.5% recently.
75.05,7.72,-14.23,2.49,25.67,33.32,66.89,20.18,45.56,67.2,29.93,41.02,76.18,17.99,51.6,87.4,28.32,33.57,86.05,22.75,59.62,74.13,19.06,59.04,84.59,27.83,47.98,73.98,7.7,20.83,71.1,14.49,57.21,61.95,CSE,Medium,Medium,No,Yes,0.911,73.6,CRITICAL: Attendance dropped by 14.2% recently.
51.58,7.19,8.97,-20.74,17.93,42.51,46.58,13.73,70.0,53.14,12.79,47.73,66.8,24.79,37.22,46.63,15.21,33.87,44.97,12.66,38.34,55.02,17.93,48.26,67.8,29.18,43.98,60.38,19.17,37.68,40.41,20.43,61.27,38.84,CSE,Medium,Medium,No,Yes,0.9527,59.1,CRITICAL: Marks declined significantly (-20.7%). | Overall Attendance Alert: Schedule mentoring. | Priority 1: Software Engineering (Weakness Score: 51.9/100) | Priority 2: Algorithms (Weakness Score: 43.8/100)
55.32,8.26,6.54,6.6,18.38,40.05,53.57,15.29,19.17,56.66,22.64,45.04,54.7,15.51,48.79,57.02,22.37,49.86,59.26,26.59,53.58,60.13,11.29,60.8,52.34,20.4,25.91,76.22,7.63,67.32,59.57,10.47,70.0,60.46,CSE,Medium,Medium,No,Yes,0.8417,51.1,Overall Attendance Alert: Schedule mentoring. | Priority 1: Data Structures (Weakness Score: 56.8/100) | Priority 2: Algorithms (Weakness Score: 42.7/100)
48.29,9.43,17.14,4.48,15.32,59.43,58.48,16.75,60.84,52.92,11.51,53.77,40.62,11.62,50.5,47.64,27.02,47.73,56.07,22.54,60.31,39.42,20.99,42.89,54.83,21.28,35.79,44.91,28.24,19.58,55.38,26.21,53.68,68.0,CSE,Medium,Medium,No,Yes,0.631,25.2,Overall Attendance Alert: Schedule mentoring. | Priority 1: Database Systems (Weakness Score: 45.6/100) | Priority 2: Operating Systems (Weakness Score: 45.2/100)
89.68,8.24,0.92,13.35,14.29,54.94,100.0,9.62,43.89,88.93,24.61,36.38,83.8,20.89,54.4,91.94,24.5,55.63,84.71,20.22,53.55,81.97,16.71,23.44,100.0,30.0,35.19,95.67,26.36,27.85,93.41,26.76,41.45,89.17,CSE,Medium,Medium,No,No,0.9477,31.8,Green/Safe: Maintain the current support plan.
76.66,6.57,-8.76,12.76,25.01,49.98,71.37,18.6,60.23,65.74,15.28,54.02,72.27,12.73,65.26,65.66,19.0,35.71,73.68,15.58,55.71,77.77,24.92,35.86,97.99,10.48,21.22,94.19,22.37,50.12,80.97,22.86,49.5,67.0,CSE,Medium,Medium,No,Yes,0.9732,65.8,Green/Safe: Maintain the current support plan.
67.73,6.57,6.3,11.71,23.74,48.04,70.96,26.41,48.78,50.48,19.91,58.49,67.25,15.07,44.45,76.37,26.38,28.36,55.95,19.71,34.61,61.94,18.66,56.49,59.29,14.17,33.91,52.6,20.26,46.64,77.83,14.71,46.84,71.07,CSE,Medium,Medium,No,No,0.9569,34.2,Priority 1: Software Engineering (Weakness Score: 40.6/100)
75.14,8.41,2.73,11.42,19.33,62.0,67.24,21.02,47.49,64.71,16.32,44.62,71.48,24.1,38.69,84.01,18.19,45.36,83.14,19.46,38.61,74.45,24.47,49.97,53.69,16.39,34.3,80.97,10.42,49.2,81.5,23.18,43.73,58.98,CSE,Medium,Medium,No,No,0.765,31.8,Green/Safe: Maintain the current support plan.
52.62,7.17,11.3,6.84,14.4,45.9,68.45,19.33,38.9,61.22,18.63,64.06,46.67,17.63,56.85,53.62,20.54,16.36,49.08,24.32,33.24,59.63,21.34,42.0,66.2,18.3,40.95,50.51,20.4,56.5,37.89,24.34,46.02,58.16,CSE,Medium,Medium,No,Yes,0.9462,55.7,Overall Attendance Alert: Schedule mentoring. | Priority 1: Software Engineering (Weakness Score: 55.4/100) | Priority 2: Data Structures (Weakness Score: 40.1/100)
67.4,9.22,3.93,-45.03,12.5,29.54,76.89,21.84,46.57,80.02,13.5,55.8,55.61,27.39,53.17,77.05,16.49,70.0,87.39,22.15,62.63,64.38,13.66,56.94,58.21,26.55,60.72,69.75,20.9,59.84,70.15,17.98,22.28,76.99,CSE,High,Medium,No,No,0.7591,78.9,CRITICAL: Marks declined significantly (-45.0%). | Priority 1: Algorithms (Weakness Score: 47.6/100)
88.68,8.67,-13.04,-16.42,17.32,27.45,86.24,20.17,39.71,72.9,21.97,36.39,90.43,15.12,63.69,95.81,18.2,49.56,100.0,25.88,67.64,94.73,17.29,53.83,100.0,23.03,32.59,89.34,23.8,47.58,96.32,16.9,41.78,92.09,CSE,Medium,Medium,No,No,0.8529,68.8,CRITICAL: Attendance dropped by 13.0% recently. | CRITICAL: Marks declined significantly (-16.4%). | Priority 1: Algorithms (Weakness Score: 41.1/100)
70.39,8.23,3.98,-4.78,21.97,57.73,58.66,19.63,50.88,69.64,30.0,42.13,52.57,20.28,57.42,61.66,19.82,43.9,69.8,17.01,61.45,92.07,15.8,25.4,66.02,27.04,41.13,74.06,15.44,70.0,67.44,21.25,33.06,61.47,CSE,Medium,Medium,No,No,0.7983,34.0,Green/Safe: Maintain the current support plan.
58.49,5.63,6.25,6.78,11.09,44.97,79.19,24.51,26.61,54.3,15.55,64.42,36.47,17.8,34.55,46.76,28.29,21.51,46.55,27.98,43.51,56.73,16.87,44.97,54.2,16.33,23.98,58.89,17.01,37.96,65.09,17.47,43.35,75.23,CSE,Medium,Medium,No,Yes,0.9511,43.2,Overall Attendance Alert: Schedule mentoring. | Low Base GPA: Review overall progress. | Priority 1: Operating Systems (Weakness Score: 48.4/100) | Priority 2: Software Engineering (Weakness Score: 45.5/100) | Priority 3: Data Structures (Weakness Score: 44.0/100)
80.83,7.22,-19.5,-16.62,19.49,46.13,65.77,19.5,45.43,79.19,20.76,40.36,76.27,14.8,59.62,68.56,20.79,70.0,91.84,22.55,48.75,79.55,15.49,41.19,86.58,21.95,56.83,93.02,19.21,47.88,61.84,30.0,38.79,87.34,CSE,Medium,Medium,No,No,0.9329,79.7,CRITICAL: Attendance dropped by 19.5% recently. | CRITICAL: Marks declined significantly (-16.6%).
51.19,8.52,1.96,8.32,8.1,43.21,59.0,5.83,56.2,59.86,15.77,27.7,42.57,6.64,40.11,53.39,13.9,59.58,52.22,21.3,38.97,58.62,26.45,38.89,58.8,23.86,51.27,67.96,16.37,38.68,43.42,23.63,40.91,44.24,CSE,Medium,Medium,No,Yes,0.9122,35.0,Overall Attendance Alert: Schedule mentoring. | Priority 1: Database Systems (Weakness Score: 55.6/100) | Priority 2: Operating Systems (Weakness Score: 54.4/100) | Priority 3: Algorithms (Weakness Score: 49.5/100)
62.59,7.99,3.32,7.57,22.71,70.0,59.48,18.2,45.12,51.02,27.51,41.25,65.12,24.07,33.71,65.36,19.96,59.63,62.67,5.72,30.98,47.59,29.64,66.22,41.08,14.95,24.23,64.75,15.22,41.02,48.81,22.15,19.81,87.62,CSE,Medium,Medium,No,Yes,0.9543,54.0,Priority 1: Data Structures (Weakness Score: 40.7/100)
48.6,9.8,-3.32,-6.2,17.93,38.43,46.23,13.77,7.8,60.2,22.73,31.26,53.12,24.12,34.6,52.72,25.03,23.42,53.94,21.82,70.0,54.17,17.95,40.57,68.84,18.23,53.79,46.22,25.41,61.96,48.38,17.97,38.54,31.33,CSE,Medium,Medium,No,Yes,0.7536,64.1,Overall Attendance Alert: Schedule mentoring. | Priority 1: Data Structures (Weakness Score: 63.7/100) | Priority 2: Algorithms (Weakness Score: 46.2/100) | Priority 3: Software Engineering (Weakness Score: 45.4/100)
93.87,7.62,-2.53,-2.15,16.99,44.94,88.93,12.61,59.37,98.11,27.24,26.44,77.72,15.32,50.98,100.0,21.43,47.15,100.0,17.7,60.85,100.0,14.69,41.19,79.97,15.17,50.89,77.01,16.1,60.8,96.1,23.84,25.6,94.54,CSE,Medium,Medium,No,No,0.955,38.9,Green/Safe: Maintain the current support plan.
89.47,6.51,6.44,6.38,23.81,62.97,65.27,16.35,24.44,82.95,26.94,34.09,84.72,15.85,69.39,66.47,17.22,32.02,72.26,25.51,17.95,84.87,19.61,33.74,72.13,19.16,33.57,97.55,22.58,70.0,90.57,22.95,39.62,100.0,CSE,Medium,Medium,No,No,0.9752,37.1,Priority 1: Data Structures (Weakness Score: 44.8/100) | Priority 2: Software Engineering (Weakness Score: 42.8/100)
81.06,7.67,-1.77,2.65,15.85,54.13,90.41,18.02,30.54,96.5,24.36,47.28,95.74,20.42,35.69,71.04,19.46,56.58,94.96,20.12,63.2,78.92,16.09,25.41,76.0,13.66,70.0,85.45,19.52,70.0,68.04,19.31,70.0,79.62,CSE,Medium,Medium,No,No,0.7915,30.8,Green/Safe: Maintain the current support plan.
93.53,9.19,5.63,6.05,24.43,60.04,88.43,18.38,44.97,95.87,22.93,39.01,91.52,26.77,40.82,87.78,19.57,46.17,78.12,17.78,51.3,100.0,17.36,56.47,95.32,25.8,35.72,100.0,27.01,66.67,100.0,20.95,53.77,89.33,CSE,High,Medium,No,No,0.7967,24.7,Green/Safe: Maintain the current support plan.
76.53,7.29,8.31,16.51,26.65,30.84,80.75,6.82,33.83,82.56,18.44,59.91,54.2,16.33,51.79,80.94,22.58,48.11,65.09,16.1,70.0,63.94,12.92,55.2,65.94,28.96,70.0,74.12,21.55,17.63,86.85,8.81,24.91,77.72,CSE,Medium,Medium,No,Yes,0.8977,54.2,Priority 1: Data Structures (Weakness Score: 49.1/100)
60.89,7.77,-17.1,-3.26,19.51,46.4,74.66,17.08,30.52,63.16,22.07,52.33,69.17,16.34,23.87,55.05,22.91,31.17,41.55,20.72,36.49,43.62,20.37,39.21,77.65,20.44,53.79,60.72,17.01,37.69,71.7,23.74,22.67,48.41,CSE,Medium,Medium,No,No,0.9607,67.7,CRITICAL: Attendance dropped by 17.1% recently. | Priority 1: Operating Systems (Weakness Score: 53.5/100) | Priority 2: Software Engineering (Weakness Score: 46.8/100) | Priority 3: Data Structures (Weakness Score: 46.5/100)
73.58,7.32,16.75,8.54,22.81,50.24,73.74,18.24,51.37,74.41,30.0,60.76,66.83,14.15,39.03,62.74,17.71,30.46,70.31,18.42,47.21,71.51,15.49,63.22,77.61,17.28,31.71,58.9,12.3,60.71,82.99,17.08,65.49,79.74,CSE,Medium,Medium,No,No,0.901,30.6,Priority 1: Operating Systems (Weakness Score: 44.7/100) | Priority 2: Software Engineering (Weakness Score: 43.8/100)
75.13,6.7,4.8,-25.27,19.01,58.87,66.93,20.12,43.46,65.1,13.6,36.29,76.43,16.22,40.05,56.27,18.15,60.35,82.18,19.57,48.65,66.84,28.12,70.0,76.78,30.0,34.8,62.62,16.45,41.71,98.25,18.59,32.11,66.14,CSE,Medium,Medium,No,No,0.9782,63.7,CRITICAL: Marks declined significantly (-25.3%). | Priority 1: Operating Systems (Weakness Score: 44.0/100) | Priority 2: Database Systems (Weakness Score: 42.7/100)
96.46,7.26,18.87,6.94,21.31,36.8,90.84,15.6,38.94,98.45,7.98,45.25,100.0,22.24,70.0,92.09,19.54,64.1,97.0,27.53,57.25,97.9,19.94,41.48,96.12,15.77,55.16,100.0,10.94,62.68,98.88,25.22,36.19,94.65,CSE,Medium,Medium,No,No,0.9811,30.2,Green/Safe: Maintain the current support plan.
63.38,7.16,3.88,-10.33,18.64,61.03,54.69,28.51,39.32,63.91,10.84,61.75,76.71,14.06,62.62,50.01,23.16,40.68,76.74,21.25,58.97,75.76,18.54,44.57,52.27,18.5,70.0,70.94,14.78,69.47,67.27,24.15,52.36,67.58,CSE,Medium,Medium,No,No,0.8169,37.9,Green/Safe: Maintain the current support plan.
85.99,6.59,1.72,26.04,21.27,37.89,80.92,21.08,26.22,86.9,13.06,29.21,87.77,22.92,50.13,74.84,10.64,44.88,66.99,24.72,28.78,100.0,15.19,51.94,78.62,19.16,47.76,94.59,25.1,55.91,96.36,16.92,54.73,82.58,CSE,Medium,Medium,No,No,0.9844,38.4,Priority 1: Database Systems (Weakness Score: 43.9/100) | Priority 2: Software Engineering (Weakness Score: 43.6/100)
39.34,7.85,-5.63,-23.31,19.07,21.81,39.65,13.37,24.37,28.36,14.07,41.84,35.42,21.42,21.39,36.82,17.59,48.02,41.83,20.78,30.15,39.59,17.43,64.71,40.44,20.4,25.79,33.44,21.29,43.82,38.45,11.23,32.79,36.59,CSE,Medium,Medium,No,Yes,0.9532,98.3,CRITICAL: Marks declined significantly (-23.3%). | Overall Attendance Alert: Schedule mentoring. | Priority 1: Data Structures (Weakness Score: 64.2/100) | Priority 2: Algorithms (Weakness Score: 56.6/100) | Priority 3: Operating Systems (Weakness Score: 55.3/100)
74.26,6.91,-9.85,8.33,22.4,50.13,77.6,27.47,28.28,70.02,27.73,15.49,73.72,26.14,63.21,80.86,23.43,29.38,87.99,14.0,27.89,78.14,17.53,48.1,78.56,28.89,51.51,68.07,23.38,32.52,83.39,20.32,51.01,56.45,CSE,Medium,Medium,No,No,0.9413,50.9,Priority 1: Database Systems (Weakness Score: 41.3/100)
97.57,7.08,11.55,-0.97,25.71,31.26,100.0,23.47,67.5,83.86,15.67,32.85,100.0,21.12,53.52,76.5,27.36,48.53,100.0,21.85,35.58,100.0,20.38,45.94,100.0,19.49,24.59,95.75,28.13,36.7,98.51,24.17,70.0,95.01,CSE,Medium,Medium,No,No,0.9683,33.9,Green/Safe: Maintain the current support plan.
78.05,6.03,-18.47,9.8,15.24,37.45,81.73,23.77,61.41,66.55,12.49,30.37,67.4,27.83,65.1,68.09,28.55,64.21,61.76,14.85,20.11,77.19,20.09,45.23,57.79,12.86,48.9,84.28,9.9,25.78,88.28,13.88,44.78,64.86,CSE,Medium,Medium,No,Yes,0.9794,85.2,CRITICAL: Attendance dropped by 18.5% recently. | Priority 1: Database Systems (Weakness Score: 49.9/100)
74.98,8.08,-14.71,-18.2,17.72,32.36,78.11,22.09,59.69,66.4,17.11,68.32,73.33,20.15,42.37,86.31,25.86,61.7,75.24,15.64,70.0,83.54,17.72,66.36,69.62,27.05,67.17,65.76,22.91,56.73,100.0,16.29,66.49,75.15,CSE,High,High,No,No,0.8112,64.1,CRITICAL: Attendance dropped by 14.7% recently. | CRITICAL: Marks declined significantly (-18.2%). | Priority 1: Algorithms (Weakness Score: 40.4/100)
90.41,5.51,1.97,3.22,24.88,46.78,87.24,9.79,19.66,100.0,23.89,64.49,100.0,18.43,43.61,74.4,18.79,40.99,86.99,25.5,56.47,100.0,14.15,46.16,94.34,29.58,47.48,89.26,25.68,41.86,95.6,22.45,37.93,83.99,CSE,Medium,Medium,No,Yes,0.9468,55.7,Low Base GPA: Review overall progress. | Priority 1: Data Structures (Weakness Score: 49.0/100)
100.0,8.99,16.88,32.72,22.11,59.69,99.19,12.27,41.83,88.67,10.34,36.78,100.0,19.59,40.9,100.0,23.06,23.01,100.0,20.99,58.6,94.05,10.22,43.25,88.98,25.86,23.75,100.0,23.0,51.38,94.99,11.1,22.39,92.43,CSE,Medium,Medium,No,Yes,0.9617,56.4,Green/Safe: Maintain the current support plan.
85.68,7.22,7.23,-7.7,11.42,47.7,84.35,26.3,42.02,94.37,18.04,10.71,83.42,20.98,47.26,87.34,17.47,40.14,74.42,10.02,43.4,78.23,25.4,12.27,88.59,30.0,42.26,85.65,22.13,52.57,81.59,14.96,54.79,66.6,CSE,Medium,Medium,No,Yes,0.9738,68.2,Priority 1: Database Systems (Weakness Score: 50.8/100)
85.26,8.37,5.12,-3.19,20.87,40.14,88.08,19.16,64.27,80.44,19.42,70.0,94.94,19.15,52.08,100.0,13.08,28.69,79.51,21.09,59.53,77.61,15.29,25.33,75.84,16.72,12.55,79.65,14.75,42.54,100.0,12.03,60.21,100.0,CSE,Medium,Medium,No,Yes,0.8512,56.6,Priority 1: Software Engineering (Weakness Score: 46.7/100)
74.16,6.42,-4.54,-11.23,15.49,46.38,68.49,15.07,29.76,90.59,20.07,42.15,67.31,20.34,35.43,93.47,21.26,47.09,75.33,26.54,44.67,69.4,20.81,56.87,85.99,21.08,48.44,84.09,6.33,46.32,68.32,20.29,50.34,86.61,CSE,Medium,Medium,No,No,0.9693,56.7,Priority 1: Data Structures (Weakness Score: 40.7/100)
68.86,7.86,11.18,-20.65,20.39,35.08,79.36,18.18,48.47,71.19,19.62,46.58,71.89,15.52,51.04,77.49,21.99,39.69,70.6,18.18,43.22,56.98,26.9,70.0,61.82,23.93,66.87,59.28,9.21,67.75,68.75,17.4,45.71,65.16,CSE,Medium,Medium,No,No,0.8035,53.5,CRITICAL: Marks declined significantly (-20.6%).
75.21,5.53,5.54,-19.4,21.28,60.99,57.85,20.98,53.12,79.68,18.89,36.04,82.8,21.68,16.59,73.0,20.28,28.59,72.78,22.46,32.59,77.54,15.05,26.45,81.37,25.87,27.24,84.74,19.93,11.8,60.86,23.04,20.64,69.03,CSE,Medium,Medium,No,Yes,0.9917,89.5,CRITICAL: Marks declined significantly (-19.4%). | Low Base GPA: Review overall progress. | Priority 1: Operating Systems (Weakness Score: 46.9/100) | Priority 2: Software Engineering (Weakness Score: 41.5/100)
29.04,7.04,-1.19,-4.61,27.69,65.12,29.68,22.33,35.94,3.68,16.19,56.22,33.42,18.04,56.09,24.34,14.29,56.09,22.93,25.13,15.04,23.35,22.99,52.41,26.83,21.44,47.1,14.15,18.18,48.41,34.11,19.67,36.72,15.7,CSE,Medium,Medium,No,Yes,0.8554,39.2,Overall Attendance Alert: Schedule mentoring. | Priority 1: Data Structures (Weakness Score: 56.0/100) | Priority 2: Software Engineering (Weakness Score: 46.8/100) | Priority 3: Operating Systems (Weakness Score: 42.6/100)
92.68,7.36,7.2,17.43,17.83,61.8,92.06,18.39,29.27,84.32,13.92,58.27,84.84,14.03,47.62,84.52,27.73,45.62,94.73,21.04,53.56,99.79,20.15,29.76,91.15,20.3,20.52,71.64,13.94,15.74,87.82,16.14,46.33,99.78,CSE,Medium,Medium,No,Yes,0.9716,57.1,Green/Safe: Maintain the current support plan.
73.29,6.48,5.7,5.08,24.13,49.83,75.61,19.82,51.15,93.64,18.79,39.53,68.88,21.95,13.17,71.94,24.4,37.11,75.15,30.0,49.97,50.89,12.95,41.23,65.25,20.52,40.58,84.95,14.54,41.89,75.46,21.71,47.2,49.17,CSE,Medium,Medium,No,Yes,0.9875,58.0,Priority 1: Operating Systems (Weakness Score: 48.9/100)
78.55,5.96,-9.39,-14.71,12.97,49.46,81.41,22.58,43.65,77.76,20.69,52.2,78.54,19.66,25.18,98.69,22.68,48.13,72.31,14.98,57.9,76.96,23.11,24.72,94.02,24.51,43.78,83.23,23.71,24.95,95.33,22.42,34.44,67.59,CSE,Medium,Medium,No,No,0.9841,70.6,Low Base GPA: Review overall progress.
86.55,9.42,-13.98,-0.03,24.62,16.16,92.03,19.18,62.42,91.46,27.25,52.51,75.33,22.59,53.72,80.46,17.7,10.12,94.69,19.67,37.52,77.19,17.86,52.58,89.01,18.65,27.58,83.74,16.12,42.55,93.3,17.56,70.0,81.32,CSE,Medium,Medium,No,Yes,0.7944,72.7,CRITICAL: Attendance dropped by 14.0% recently. | Priority 1: Software Engineering (Weakness Score: 48.1/100)
50.69,9.94,1.58,-6.87,21.38,15.53,52.66,20.51,70.0,49.37,16.17,49.03,51.43,19.35,25.82,49.13,17.1,41.75,58.01,16.63,41.68,56.1,18.65,70.0,53.17,13.79,32.41,41.29,15.87,53.05,39.62,18.34,62.14,45.49,CSE,Medium,Medium,No,Yes,0.8143,57.5,Overall Attendance Alert: Schedule mentoring. | Priority 1: Algorithms (Weakness Score: 53.9/100) | Priority 2: Operating Systems (Weakness Score: 51.2/100) | Priority 3: Software Engineering (Weakness Score: 41.6/100)
76.95,5.87,-1.47,11.19,23.8,12.9,71.21,23.73,70.0,76.71,7.81,40.24,76.35,25.55,45.73,64.18,24.82,53.52,69.96,23.6,36.8,73.97,17.35,40.35,86.02,11.07,61.56,78.71,18.05,45.31,67.86,11.84,31.79,57.99,CSE,Medium,Medium,No,Yes,0.9548,60.3,Low Base GPA: Review overall progress. | Priority 1: Algorithms (Weakness Score: 47.5/100) | Priority 2: Database Systems (Weakness Score: 46.3/100)
86.03,7.81,19.01,-18.33,17.18,32.62,77.18,22.3,40.69,100.0,26.25,64.64,92.75,17.89,53.97,82.55,28.15,51.06,88.66,20.64,70.0,71.7,29.19,42.21,71.97,16.24,20.24,92.57,14.81,47.53,97.38,16.64,40.98,73.0,CSE,Medium,Medium,No,Yes,0.7614,71.8,CRITICAL: Marks declined significantly (-18.3%). | Priority 1: Algorithms (Weakness Score: 41.0/100)
79.57,7.81,-2.2,-1.24,24.04,43.74,80.13,21.22,34.14,70.73,19.08,38.78,70.79,19.37,25.41,87.19,22.95,55.26,71.18,15.17,64.82,77.61,22.85,27.71,76.71,25.96,47.0,77.07,22.83,49.74,100.0,20.2,54.71,78.22,CSE,Medium,Medium,No,No,0.9,36.2,Green/Safe: Maintain the current support plan.
67.39,6.87,-0.58,-5.42,23.32,41.99,58.26,18.67,57.31,57.16,21.05,44.17,59.79,18.53,21.42,68.49,13.18,61.09,66.47,17.14,62.41,57.07,16.26,17.56,80.49,29.36,19.9,59.24,20.35,37.26,67.08,19.41,51.11,57.78,CSE,Medium,Medium,No,Yes,0.982,64.7,Priority 1: Operating Systems (Weakness Score: 48.7/100)
55.83,8.42,7.44,-14.89,23.76,54.64,65.7,14.61,46.83,48.91,20.23,70.0,64.87,16.22,41.21,52.21,20.62,22.14,59.07,9.41,19.91,75.85,18.2,66.39,47.73,9.49,29.24,82.71,12.95,70.0,59.28,20.6,33.77,46.82,CSE,Medium,Medium,No,Yes,0.7811,71.8,Overall Attendance Alert: Schedule mentoring. | Priority 1: Software Engineering (Weakness Score: 49.0/100) | Priority 2: Operating Systems (Weakness Score: 44.6/100) | Priority 3: Data Structures (Weakness Score: 44.0/100)
70.33,8.77,2.05,-10.35,28.56,38.23,66.62,20.68,24.81,67.78,16.82,25.23,58.95,20.42,62.0,70.51,15.07,36.74,74.83,26.28,61.01,73.82,28.12,38.69,59.66,19.12,65.56,78.42,26.0,45.32,72.89,19.5,33.8,71.84,CSE,Medium,Medium,No,No,0.8582,42.4,Priority 1: Database Systems (Weakness Score: 51.1/100) | Priority 2: Data Structures (Weakness Score: 44.8/100) | Priority 3: Software Engineering (Weakness Score: 41.5/100)
100.0,7.88,-6.47,7.78,21.33,70.0,99.24,30.0,38.05,87.03,30.0,54.91,100.0,18.2,32.32,92.5,20.69,42.75,80.59,28.47,38.7,100.0,16.47,47.32,100.0,24.17,40.98,100.0,23.38,42.78,88.86,16.88,39.31,100.0,CSE,Medium,Medium,No,No,0.9567,39.4,Green/Safe: Maintain the current support plan.
87.86,8.45,-7.85,-20.83,21.79,15.58,90.27,28.29,54.71,97.55,16.63,43.97,93.5,22.22,56.85,76.51,16.03,25.59,90.44,19.06,42.08,81.05,15.78,45.03,98.93,27.84,68.56,83.17,14.08,58.26,100.0,22.09,44.66,81.59,CSE,Medium,Medium,No,Yes,0.8679,87.2,CRITICAL: Marks declined significantly (-20.8%). | Priority 1: Algorithms (Weakness Score: 42.2/100) | Priority 2: Software Engineering (Weakness Score: 42.2/100)
76.54,7.95,15.38,-2.59,29.79,37.0,93.75,17.92,40.21,77.3,19.12,30.92,76.39,12.64,50.47,78.79,23.64,37.55,83.92,22.15,46.91,96.31,22.35,38.04,91.9,22.55,70.0,57.99,18.5,40.53,57.65,20.83,39.42,56.55,CSE,Medium,Medium,No,No,0.9443,34.9,Priority 1: Database Systems (Weakness Score: 40.3/100)
77.07,6.94,-3.22,-0.69,24.36,66.41,53.14,19.97,56.37,62.96,17.5,53.4,71.85,18.18,48.31,65.38,14.67,52.03,86.56,21.99,65.42,81.27,29.24,45.99,79.6,22.02,35.58,69.31,15.5,36.66,97.78,29.11,40.08,72.87,CSE,Medium,Medium,No,No,0.8984,34.1,Green/Safe: Maintain the current support plan.
100.0,7.44,-4.17,8.07,16.66,36.05,95.91,14.64,43.4,100.0,14.44,44.75,100.0,7.6,70.0,95.38,15.33,46.22,93.25,19.65,33.76,100.0,30.0,55.84,100.0,17.24,60.92,92.32,21.59,37.2,87.44,18.93,30.22,100.0,CSE,Medium,Medium,No,No,0.9797,40.9,Green/Safe: Maintain the current support plan.
80.41,7.56,-13.3,-6.36,21.36,48.13,74.48,25.11,51.16,90.75,16.31,24.25,84.76,15.19,60.82,59.14,17.66,35.76,77.09,21.31,50.94,86.81,23.77,42.43,100.0,26.94,40.32,79.04,18.33,50.45,70.69,16.05,12.49,76.42,CSE,Medium,Medium,No,Yes,0.9844,83.3,CRITICAL: Attendance dropped by 13.3% recently. | Priority 1: Database Systems (Weakness Score: 44.4/100)
73.25,8.67,-4.32,-5.14,25.0,51.45,58.52,19.28,20.74,79.74,26.99,26.38,66.53,15.59,38.19,77.37,17.78,54.79,83.9,25.51,28.23,87.11,27.33,68.29,71.67,16.24,30.24,62.23,20.06,57.72,86.31,17.57,44.42,72.2,CSE,Medium,Medium,No,No,0.9313,44.9,Priority 1: Data Structures (Weakness Score: 44.9/100)
72.36,8.19,-0.01,-7.15,25.81,59.57,87.06,10.65,44.15,74.8,18.06,17.09,81.19,23.09,35.69,80.81,20.62,54.51,63.21,21.19,48.74,70.04,6.63,47.58,74.76,15.27,53.58,74.8,22.05,39.34,55.27,11.57,55.31,61.42,CSE,Medium,Medium,No,Yes,0.9061,61.2,Priority 1: Database Systems (Weakness Score: 47.8/100) | Priority 2: Data Structures (Weakness Score: 41.7/100)
69.07,8.37,-10.3,-23.25,17.16,49.41,79.45,18.67,30.08,86.45,23.43,49.78,83.58,23.85,44.28,59.31,17.53,63.07,75.89,19.07,70.0,67.5,24.94,48.3,88.4,23.77,45.69,67.28,19.92,34.12,55.4,21.54,37.0,63.71,CSE,Medium,Medium,No,No,0.605,71.6,CRITICAL: Attendance dropped by 10.3% recently. | CRITICAL: Marks declined significantly (-23.2%).
79.19,7.55,12.21,1.84,16.75,25.62,75.31,16.97,53.3,94.44,27.18,61.34,73.49,19.19,51.37,71.48,16.61,50.62,65.54,25.46,38.98,84.59,21.03,63.81,57.91,26.3,63.57,82.0,22.61,53.95,70.18,20.27,58.35,61.31,CSE,Medium,Medium,No,No,0.5664,26.0,Priority 1: Algorithms (Weakness Score: 46.0/100)
75.04,7.18,2.35,-11.42,27.64,50.89,76.4,12.24,41.71,92.97,20.66,36.53,57.46,26.9,43.95,57.48,15.38,25.84,73.73,21.04,37.45,82.82,20.39,60.93,71.47,30.0,36.53,66.01,14.87,41.84,57.85,21.47,16.42,76.66,CSE,Medium,Medium,No,Yes,0.9922,71.3,Priority 1: Software Engineering (Weakness Score: 47.7/100) | Priority 2: Database Systems (Weakness Score: 41.2/100)
59.73,8.13,-2.03,-10.53,19.84,38.51,44.74,23.61,53.56,52.3,15.8,52.33,77.25,25.1,63.01,56.68,22.08,43.01,52.46,20.98,31.98,52.27,17.77,39.92,59.43,9.67,31.01,75.43,19.96,53.42,63.89,19.46,31.76,54.23,CSE,Medium,Medium,No,Yes,0.8203,48.5,Overall Attendance Alert: Schedule mentoring. | Priority 1: Algorithms (Weakness Score: 44.7/100)
82.62,5.52,-2.16,-2.51,24.89,41.67,78.52,21.5,38.36,100.0,17.04,51.21,90.89,16.9,47.48,77.61,21.37,46.51,81.22,14.22,70.0,88.49,12.06,38.69,66.93,23.81,44.67,82.66,15.79,40.27,90.49,25.28,57.7,67.1,CSE,Medium,Medium,No,No,0.9431,42.3,Low Base GPA: Review overall progress.
78.76,8.71,3.79,8.16,19.75,52.82,80.25,24.54,30.28,74.99,28.22,16.03,74.24,14.64,42.07,74.41,23.01,48.83,65.7,17.06,45.0,86.15,30.0,55.54,68.63,19.53,47.71,73.56,22.35,10.93,84.29,17.62,43.35,93.41,CSE,Medium,Medium,No,Yes,0.8004,54.0,Priority 1: Database Systems (Weakness Score: 40.3/100)
84.22,6.17,-2.34,18.16,18.56,56.51,82.79,21.79,50.83,83.99,15.12,49.15,90.65,20.54,3.56,82.45,23.39,30.3,94.88,16.94,40.2,86.28,15.39,58.68,96.86,14.5,42.22,100.0,25.5,20.8,95.89,2.89,54.22,75.65,CSE,Medium,Medium,No,Yes,0.9878,64.3,Priority 1: Operating Systems (Weakness Score: 52.7/100)
49.36,6.27,-26.67,-17.01,26.69,60.69,54.85,19.55,61.54,55.07,3.92,32.73,51.05,21.4,55.61,64.85,22.93,13.73,51.34,26.08,46.67,51.4,17.53,59.24,45.83,22.96,51.43,49.9,22.42,48.03,62.13,23.38,60.6,41.72,CSE,Medium,Medium,No,Yes,0.929,100.0,CRITICAL: Attendance dropped by 26.7% recently. | CRITICAL: Marks declined significantly (-17.0%). | Overall Attendance Alert: Schedule mentoring. | Priority 1: Database Systems (Weakness Score: 62.1/100) | Priority 2: Software Engineering (Weakness Score: 53.8/100)
90.59,7.84,-19.12,21.05,22.82,32.77,93.23,14.81,59.61,83.0,18.95,40.87,76.43,25.4,64.28,89.16,16.2,41.49,85.53,19.89,40.32,81.52,25.66,41.79,100.0,20.52,38.93,87.77,18.16,43.41,92.83,14.39,29.68,98.39,CSE,Medium,Medium,No,No,0.9702,63.2,CRITICAL: Attendance dropped by 19.1% recently.
79.17,6.82,7.78,5.26,13.75,18.72,76.98,21.51,58.01,80.62,8.75,30.44,66.58,10.57,42.45,84.28,24.86,52.45,73.59,25.41,41.84,79.78,16.69,41.32,74.96,13.09,54.56,80.85,23.97,34.44,86.23,12.16,53.12,85.93,CSE,Medium,Medium,No,Yes,0.9439,58.0,Priority 1: Database Systems (Weakness Score: 53.9/100) | Priority 2: Algorithms (Weakness Score: 52.5/100)
73.88,8.83,1.84,17.66,24.84,27.16,68.67,15.97,43.32,87.01,14.06,49.19,76.89,15.18,42.11,64.91,20.5,43.23,88.93,16.17,42.42,70.14,26.78,37.61,64.97,16.12,33.11,68.07,15.72,45.23,60.89,22.88,45.62,90.1,CSE,Medium,Medium,No,No,0.6855,34.6,Priority 1: Operating Systems (Weakness Score: 41.3/100)
72.89,5.87,-10.45,-8.59,20.27,55.76,81.62,27.35,27.14,87.91,29.41,39.51,56.2,13.08,38.07,93.03,20.09,35.74,66.03,13.39,58.12,71.96,30.0,54.42,81.18,18.79,28.63,64.15,13.15,58.66,69.04,24.76,47.04,69.96,CSE,Medium,Medium,No,No,0.9828,63.1,CRITICAL: Attendance dropped by 10.4% recently. | Low Base GPA: Review overall progress.
46.18,6.18,27.11,-12.45,25.19,41.27,55.23,18.01,70.0,24.26,21.88,44.84,45.71,21.43,45.88,48.37,22.04,70.0,18.52,29.24,70.0,28.67,20.24,65.57,55.36,28.38,50.58,25.85,26.52,54.53,60.84,12.33,26.76,46.34,CSE,Medium,Medium,No,Yes,0.8579,61.6,Overall Attendance Alert: Schedule mentoring.
86.29,8.2,1.34,-2.59,21.01,46.29,84.39,27.94,70.0,95.89,22.15,65.7,87.87,19.03,36.25,78.47,24.64,22.47,80.35,18.23,23.89,82.38,20.47,60.41,81.23,20.5,22.59,74.13,10.48,59.68,83.01,21.1,52.85,94.38,CSE,Medium,Medium,No,No,0.71,33.1,Green/Safe: Maintain the current support plan.
64.58,7.72,8.84,21.27,18.07,64.63,50.51,26.17,42.21,66.97,20.37,56.62,75.56,18.93,52.65,77.59,24.07,38.8,62.63,15.07,70.0,67.65,12.98,32.4,63.05,26.71,42.13,70.62,16.43,54.67,77.6,23.95,8.15,63.06,CSE,Medium,Medium,No,Yes,0.8711,51.3,Green/Safe: Maintain the current support plan.
62.06,7.87,-10.33,-1.66,19.76,30.12,60.43,26.44,54.23,76.8,27.1,49.84,31.73,16.07,23.62,77.39,23.15,43.49,58.0,25.99,33.23,50.29,13.68,48.31,55.03,25.55,46.42,49.09,19.26,31.7,61.64,25.85,43.84,56.13,CSE,Medium,Medium,No,Yes,0.9395,71.2,CRITICAL: Attendance dropped by 10.3% recently. | Priority 1: Operating Systems (Weakness Score: 47.2/100) | Priority 2: Algorithms (Weakness Score: 44.9/100)
66.87,8.95,-3.54,21.1,20.47,70.0,64.28,26.34,42.37,77.8,23.63,46.35,74.49,26.61,47.85,66.28,23.94,70.0,54.19,14.27,68.05,62.68,26.83,36.73,63.41,25.81,57.84,56.75,23.59,36.81,72.45,20.92,44.27,61.93,CSE,High,High,No,No,0.6681,26.5,Green/Safe: Maintain the current support plan.
50.1,6.21,3.85,-3.39,21.82,40.79,48.82,8.08,68.93,48.12,14.78,39.51,67.67,20.36,48.85,70.96,24.18,40.68,33.1,23.2,34.83,56.7,19.76,51.13,59.06,11.35,46.93,49.92,21.44,52.57,51.62,16.76,28.06,34.22,CSE,Medium,Medium,No,Yes,0.9644,40.7,Overall Attendance Alert: Schedule mentoring. | Priority 1: Software Engineering (Weakness Score: 42.6/100) | Priority 2: Database Systems (Weakness Score: 42.3/100) | Priority 3: Algorithms (Weakness Score: 40.2/100)
66.87,9.22,-23.46,8.34,19.91,37.77,76.43,11.18,23.36,80.45,21.34,14.63,70.06,12.05,64.51,76.07,30.0,40.52,54.7,17.3,37.23,70.73,10.84,44.92,56.73,17.44,65.74,76.9,23.65,54.55,64.23,19.76,21.41,54.53,CSE,Medium,Medium,No,Yes,0.886,91.1,CRITICAL: Attendance dropped by 23.5% recently. | Priority 1: Data Structures (Weakness Score: 51.3/100) | Priority 2: Database Systems (Weakness Score: 49.3/100)
51.89,6.93,-1.29,11.22,21.42,40.82,46.06,14.97,64.83,35.74,18.19,58.24,35.14,20.89,31.94,52.16,19.16,11.18,58.27,15.06,36.77,52.4,21.88,51.71,59.8,7.66,52.24,52.0,17.23,48.94,61.09,15.62,66.03,63.35,CSE,Medium,Medium,No,Yes,0.9561,57.9,Overall Attendance Alert: Schedule mentoring. | Priority 1: Software Engineering (Weakness Score: 57.0/100) | Priority 2: Operating Systems (Weakness Score: 45.2/100) | Priority 3: Algorithms (Weakness Score: 41.4/100)
75.94,8.85,-13.14,8.13,28.97,19.21,76.11,22.5,58.1,54.3,21.69,41.72,73.11,30.0,41.77,80.44,19.4,48.62,81.47,24.47,33.35,77.47,20.94,20.28,66.4,24.45,38.08,100.0,24.82,51.78,91.04,23.86,47.76,61.8,CSE,Medium,Medium,No,No,0.8889,50.8,CRITICAL: Attendance dropped by 13.1% recently.
85.24,6.08,10.99,-4.86,23.17,39.3,91.19,26.13,68.31,91.18,21.97,65.82,76.59,27.23,46.96,86.62,17.75,27.4,99.95,22.02,39.46,88.74,18.32,19.43,83.46,12.97,48.57,100.0,16.79,56.86,78.84,19.9,31.83,91.43,CSE,Medium,Medium,No,Yes,0.9514,61.9,Green/Safe: Maintain the current support plan.
95.3,6.85,5.1,-8.59,23.19,30.96,94.15,20.39,44.56,99.11,15.96,36.71,100.0,17.94,37.54,86.88,17.7,29.59,100.0,17.75,28.74,93.26,13.02,32.16,100.0,14.56,42.85,100.0,21.25,37.34,75.42,20.83,33.48,100.0,CSE,Medium,Medium,No,No,0.9983,53.2,Green/Safe: Maintain the current support plan.
90.29,7.27,5.25,-11.71,23.46,67.77,100.0,18.89,52.03,95.85,22.75,45.74,100.0,16.55,26.73,93.07,18.06,70.0,84.88,24.79,50.97,75.55,22.59,34.1,100.0,15.68,30.04,67.73,15.8,54.78,79.24,22.2,47.76,79.8,CSE,Medium,Medium,No,No,0.9493,45.2,Priority 1: Operating Systems (Weakness Score: 40.3/100)
45.33,7.31,7.95,-20.73,16.01,44.22,54.45,18.48,46.92,22.49,22.86,48.32,54.18,10.66,40.46,54.98,17.22,45.77,41.24,18.07,62.51,31.1,19.75,48.78,54.71,19.39,59.53,44.79,20.6,46.22,51.89,22.71,28.3,47.5,CSE,Medium,Medium,No,Yes,0.9553,57.4,CRITICAL: Marks declined significantly (-20.7%). | Overall Attendance Alert: Schedule mentoring. | Priority 1: Operating Systems (Weakness Score: 49.7/100) | Priority 2: Data Structures (Weakness Score: 48.0/100) | Priority 3: Software Engineering (Weakness Score: 44.3/100)
72.44,5.91,2.17,6.31,25.25,23.86,56.59,12.53,46.75,79.74,26.46,63.19,81.07,15.84,32.39,80.32,27.11,29.53,85.38,10.4,50.85,71.41,18.98,45.47,63.91,22.23,45.91,81.8,27.95,46.9,64.26,14.31,70.0,88.15,CSE,Medium,Medium,No,No,0.9254,35.3,Low Base GPA: Review overall progress. | Priority 1: Algorithms (Weakness Score: 44.1/100) | Priority 2: Operating Systems (Weakness Score: 41.6/100)
85.13,6.44,19.21,20.71,21.08,64.99,91.37,13.73,70.0,75.53,19.92,70.0,90.03,15.89,50.05,90.36,21.01,37.4,72.34,14.18,33.31,98.08,13.91,47.34,99.12,23.25,66.32,79.27,23.14,62.26,94.55,24.45,27.08,91.8,CSE,Medium,Medium,No,No,0.9087,29.7,Green/Safe: Maintain the current support plan.
84.07,10.0,-1.93,-12.29,26.55,57.62,96.18,18.17,48.9,81.55,15.01,46.24,83.24,18.99,44.11,84.68,24.44,36.23,71.28,23.39,57.85,87.65,14.31,43.03,86.92,14.66,33.53,82.61,25.91,48.38,78.35,18.99,35.01,79.95,CSE,Medium,Medium,No,No,0.8199,45.0,Green/Safe: Maintain the current support plan.
96.53,8.45,-4.53,-1.94,26.17,38.82,87.2,26.59,55.66,85.23,20.7,32.19,100.0,20.61,67.92,87.21,21.14,44.82,99.07,17.17,11.24,100.0,20.27,32.53,91.51,14.15,17.12,100.0,22.86,24.73,100.0,14.37,55.72,96.56,CSE,Medium,Medium,No,Yes,0.9726,65.3,Green/Safe: Maintain the current support plan.
52.28,7.19,7.5,10.3,19.61,51.08,53.28,19.14,50.38,63.07,27.68,45.49,44.12,27.67,28.84,70.18,26.72,67.34,59.13,9.44,29.41,55.35,16.62,40.27,58.41,19.15,26.71,61.14,22.57,41.27,59.39,20.48,64.97,53.79,CSE,Medium,Medium,No,Yes,0.9671,53.0,Overall Attendance Alert: Schedule mentoring.
58.86,7.89,4.55,30.58,24.64,38.31,52.87,15.28,40.66,69.06,20.21,64.31,51.66,8.44,70.0,61.01,23.89,33.19,45.24,20.77,15.12,56.19,25.11,51.73,61.41,28.72,50.63,39.82,19.25,70.0,55.77,29.32,60.35,54.78,CSE,Medium,Medium,No,Yes,0.7078,47.8,Overall Attendance Alert: Schedule mentoring. | Priority 1: Software Engineering (Weakness Score: 43.6/100) | Priority 2: Data Structures (Weakness Score: 40.8/100)
84.83,6.04,11.99,-16.52,21.77,42.2,88.7,16.35,70.0,60.92,22.85,49.79,88.55,14.09,19.83,90.89,26.71,48.3,92.89,17.71,49.97,97.09,18.43,62.79,68.49,16.93,53.19,100.0,20.07,29.49,100.0,19.37,54.97,81.49,CSE,Medium,Medium,No,Yes,0.91,74.4,CRITICAL: Marks declined significantly (-16.5%). | Priority 1: Operating Systems (Weakness Score: 47.3/100)
88.63,9.71,31.02,9.21,22.21,21.54,72.74,15.54,44.21,82.1,22.26,44.77,99.77,22.73,29.42,97.63,15.69,51.17,83.7,26.62,55.97,81.7,18.07,70.0,76.02,16.4,34.93,77.04,14.73,43.37,93.39,12.03,37.48,80.59,CSE,Medium,Medium,No,No,0.87,30.6,Priority 1: Algorithms (Weakness Score: 43.7/100)
82.79,8.76,-1.36,15.47,18.78,43.33,90.54,11.68,45.79,71.83,18.53,36.2,76.42,21.13,48.32,80.6,21.85,31.97,89.61,18.97,37.75,74.85,18.79,70.0,82.16,14.28,58.78,78.08,21.42,35.92,95.6,17.05,65.97,72.3,CSE,Medium,Medium,No,No,0.8224,31.5,Priority 1: Data Structures (Weakness Score: 40.6/100)
38.41,4.86,1.43,13.8,15.88,45.38,39.71,25.42,59.7,30.99,21.38,41.83,33.45,24.89,48.24,53.98,22.19,58.34,10.89,20.26,50.94,43.29,27.55,53.76,25.95,22.53,57.06,31.98,17.78,56.33,38.14,25.32,47.35,16.3,CSE,Medium,Medium,No,Yes,0.9075,30.4,Overall Attendance Alert: Schedule mentoring. | Low Base GPA: Review overall progress. | Priority 1: Algorithms (Weakness Score: 46.3/100) | Priority 2: Database Systems (Weakness Score: 44.7/100) | Priority 3: Software Engineering (Weakness Score: 41.2/100)
68.46,6.67,2.05,17.89,19.26,36.4,69.83,22.71,58.6,59.49,13.77,58.27,63.17,15.07,17.25,82.54,21.38,53.18,72.84,21.06,44.65,67.76,15.12,18.52,90.92,20.19,38.44,60.45,25.25,47.17,59.83,18.48,49.67,64.6,CSE,Medium,Medium,No,Yes,0.9659,57.9,Priority 1: Operating Systems (Weakness Score: 50.3/100)
47.08,8.89,-0.36,4.32,19.07,29.3,58.66,19.77,48.48,51.42,18.81,57.34,63.66,24.9,19.15,48.18,20.78,63.63,41.59,14.8,57.53,46.89,16.88,41.1,32.97,20.85,40.44,52.41,18.98,45.53,42.53,18.73,28.05,57.4,CSE,Medium,Medium,No,Yes,0.8352,32.3,Overall Attendance Alert: Schedule mentoring. | Priority 1: Operating Systems (Weakness Score: 49.7/100) | Priority 2: Algorithms (Weakness Score: 46.6/100)
89.69,7.86,12.13,-2.28,26.37,51.23,73.21,20.82,45.51,100.0,25.29,54.19,68.96,15.88,39.54,86.28,20.83,67.2,97.49,15.41,32.57,80.5,19.42,57.08,99.33,18.12,44.55,100.0,12.58,54.57,94.99,18.52,44.72,93.9,CSE,Medium,Medium,No,No,0.89,32.0,Green/Safe: Maintain the current support plan.
76.3,8.54,20.45,-10.17,22.26,41.48,68.41,18.64,68.12,80.97,13.56,61.43,67.38,23.72,53.3,82.46,29.27,32.57,82.41,26.3,35.35,68.84,18.56,49.87,62.19,22.76,23.87,89.23,22.57,70.0,82.99,18.48,33.02,78.69,CSE,Medium,Medium,No,No,0.7363,40.0,Green/Safe: Maintain the current support plan.
75.6,7.38,-5.62,1.72,17.45,37.66,65.29,26.84,24.3,63.55,18.39,44.68,82.18,16.62,68.17,68.91,14.96,28.44,67.86,14.16,56.26,65.59,19.34,29.56,63.85,25.53,69.04,88.29,12.64,25.01,95.38,18.73,24.38,86.42,CSE,Medium,Medium,No,Yes,0.9767,65.8,Priority 1: Software Engineering (Weakness Score: 48.4/100) | Priority 2: Algorithms (Weakness Score: 41.4/100) | Priority 3: Data Structures (Weakness Score: 40.2/100)
71.47,8.58,10.08,22.35,13.5,7.44,72.11,28.45,42.09,75.43,19.6,56.18,68.53,19.63,69.57,82.91,16.54,35.02,65.51,14.38,36.72,70.26,16.13,52.67,54.74,14.1,54.89,90.48,21.26,32.49,60.34,18.12,64.0,76.62,CSE,Medium,Medium,No,Yes,0.6242,52.2,Priority 1: Algorithms (Weakness Score: 60.6/100) | Priority 2: Software Engineering (Weakness Score: 43.8/100)
67.69,7.53,-0.4,-11.56,23.89,5.47,71.8,19.63,41.69,66.71,17.02,23.82,55.05,20.13,64.67,78.76,21.15,37.67,88.32,23.4,53.92,54.37,21.28,26.43,88.51,15.8,35.9,61.2,18.15,55.06,67.72,20.21,55.79,52.52,CSE,Medium,Medium,No,Yes,0.9793,71.7,Priority 1: Database Systems (Weakness Score: 52.9/100) | Priority 2: Algorithms (Weakness Score: 51.4/100)
48.5,7.81,-7.26,-24.61,15.01,30.33,31.99,25.44,45.71,59.69,19.73,62.82,58.64,19.7,48.89,52.63,25.88,45.43,52.68,12.93,32.69,41.76,22.89,35.35,50.24,19.48,45.95,57.77,21.12,42.14,53.12,28.38,46.68,36.26,CSE,Medium,Medium,No,Yes,0.7656,73.0,CRITICAL: Marks declined significantly (-24.6%). | Overall Attendance Alert: Schedule mentoring. | Priority 1: Algorithms (Weakness Score: 58.1/100)
66.59,7.19,14.98,3.21,19.96,35.06,73.12,13.43,49.92,59.82,17.87,39.0,64.94,22.51,44.46,75.92,25.22,49.63,73.42,30.0,23.8,77.35,27.72,51.51,85.63,28.87,39.94,63.99,22.65,35.64,93.71,23.94,45.7,52.49,CSE,Medium,Medium,No,No,0.9858,33.3,Priority 1: Database Systems (Weakness Score: 40.4/100) | Priority 2: Data Structures (Weakness Score: 40.1/100)
75.86,10.0,2.09,31.83,20.24,52.65,77.25,21.54,33.14,89.36,14.47,51.59,71.0,25.41,58.26,75.84,27.77,42.19,84.68,16.37,51.07,66.54,20.1,44.23,84.65,16.65,70.0,62.04,21.16,49.32,81.24,17.42,48.63,70.22,CSE,High,High,No,No,0.7053,23.6,Green/Safe: Maintain the current support plan.
53.57,6.67,-0.98,9.04,24.57,60.35,69.53,17.29,45.17,46.06,30.0,41.97,66.33,20.78,58.19,53.42,24.62,49.14,70.62,21.53,34.16,58.75,20.05,30.2,57.36,16.92,41.46,53.98,9.86,38.53,62.81,19.04,16.47,52.75,CSE,Medium,Medium,No,Yes,0.9972,58.3,Overall Attendance Alert: Schedule mentoring. | Priority 1: Data Structures (Weakness Score: 43.1/100)
66.91,6.53,14.9,5.52,15.18,36.72,73.78,22.36,37.3,70.02,19.63,30.04,65.23,22.16,49.59,49.98,20.83,45.38,47.92,15.96,52.37,80.75,11.8,59.69,48.1,26.99,41.42,59.76,21.77,30.56,72.07,19.38,0.0,58.8,CSE,Medium,Medium,No,Yes,0.9821,59.7,Priority 1: Database Systems (Weakness Score: 43.6/100) | Priority 2: Data Science LAB (Weakness Score: 43.6/100) | Priority 3: Algorithms (Weakness Score: 41.7/100)
87.93,6.39,-3.24,18.53,24.82,30.4,77.32,18.01,54.84,79.27,18.87,43.4,77.81,7.8,29.6,90.54,22.43,52.42,94.03,16.87,32.39,91.68,18.94,58.61,91.74,26.42,38.02,98.61,30.0,45.81,92.92,15.35,58.41,99.22,CSE,Medium,Medium,No,Yes,0.9581,60.9,Priority 1: Operating Systems (Weakness Score: 48.1/100)
90.71,7.56,1.52,-19.6,15.14,35.08,92.29,14.14,30.55,100.0,26.83,70.0,95.22,23.22,42.68,87.21,24.36,65.43,98.58,15.8,50.87,83.01,18.38,69.54,78.71,30.0,53.24,86.05,20.34,34.73,85.24,20.37,40.07,81.38,CSE,Medium,Medium,No,No,0.6803,52.3,CRITICAL: Marks declined significantly (-19.6%).
100.0,8.77,9.37,18.83,11.17,31.58,90.44,18.42,51.29,100.0,12.84,37.73,91.04,13.66,46.43,100.0,10.93,45.27,87.95,20.06,64.04,100.0,20.89,37.07,100.0,22.82,51.96,99.01,21.09,25.25,92.66,23.54,57.63,100.0,CSE,Medium,Medium,No,No,0.8571,33.2,Priority 1: Algorithms (Weakness Score: 43.7/100)
57.46,7.31,9.18,10.0,17.29,30.04,70.36,16.79,41.99,52.69,21.82,70.0,85.81,19.15,52.0,67.57,26.53,55.3,69.03,22.32,36.33,68.96,20.95,50.8,44.43,16.42,40.02,63.26,29.24,57.48,56.16,15.32,64.5,61.17,CSE,Medium,Medium,No,Yes,0.8922,29.6,Overall Attendance Alert: Schedule mentoring. | Priority 1: Algorithms (Weakness Score: 44.4/100) | Priority 2: Data Structures (Weakness Score: 43.4/100)
59.38,7.88,-6.2,-28.01,25.73,0.0,54.95,19.77,35.08,68.01,26.01,23.82,80.31,12.88,64.33,60.87,17.48,38.86,59.04,21.04,31.2,57.04,16.15,26.77,51.2,14.25,38.7,63.7,20.6,70.0,37.27,22.35,45.1,67.53,CSE,Medium,Medium,No,Yes,0.9773,100.0,CRITICAL: Marks declined significantly (-28.0%). | Overall Attendance Alert: Schedule mentoring. | Priority 1: Algorithms (Weakness Score: 57.8/100) | Priority 2: Software Engineering (Weakness Score: 42.6/100)
83.22,5.83,0.12,-18.2,30.0,26.08,95.31,19.19,35.14,89.1,17.74,32.9,100.0,9.03,41.33,85.12,27.04,39.02,100.0,23.8,9.49,68.69,21.18,27.84,88.7,17.73,27.06,73.58,24.26,14.66,93.67,25.37,40.03,69.18,CSE,Medium,Medium,No,Yes,0.9864,89.9,CRITICAL: Marks declined significantly (-18.2%). | Low Base GPA: Review overall progress. | Priority 1: Operating Systems (Weakness Score: 41.8/100)
59.22,7.42,-3.47,21.26,18.71,54.54,67.22,17.37,30.48,50.54,17.28,16.54,53.95,20.24,43.53,55.92,16.55,36.41,53.67,23.53,44.99,90.89,18.34,51.57,56.12,18.33,68.44,69.2,11.23,29.66,57.86,17.41,22.38,60.38,CSE,Medium,Medium,No,Yes,0.9856,63.8,Overall Attendance Alert: Schedule mentoring. | Priority 1: Database Systems (Weakness Score: 57.1/100) | Priority 2: Data Structures (Weakness Score: 50.1/100) | Priority 3: Software Engineering (Weakness Score: 46.5/100)
64.84,7.58,2.45,8.9,23.91,70.0,64.56,12.01,34.46,70.43,17.79,32.12,55.82,20.46,21.99,64.49,20.44,38.26,54.41,25.09,25.01,66.57,23.64,47.39,77.15,14.32,33.14,60.23,30.0,52.62,71.79,23.27,46.18,75.34,CSE,Medium,Medium,No,No,0.9806,35.8,Priority 1: Operating Systems (Weakness Score: 47.6/100) | Priority 2: Data Structures (Weakness Score: 47.2/100) | Priority 3: Database Systems (Weakness Score: 47.1/100)
50.71,8.11,-7.98,29.56,10.29,57.96,26.98,13.83,34.43,59.75,18.89,70.0,36.85,14.5,11.24,39.25,16.84,66.97,61.17,21.19,40.33,58.36,26.36,35.3,45.24,17.84,18.98,62.82,17.08,40.66,65.27,17.3,63.99,33.23,CSE,Medium,Medium,No,Yes,0.8377,66.9,Overall Attendance Alert: Schedule mentoring. | Priority 1: Operating Systems (Weakness Score: 67.3/100) | Priority 2: Data Structures (Weakness Score: 48.6/100) | Priority 3: Algorithms (Weakness Score: 48.5/100)
64.59,7.94,-6.33,4.1,12.26,37.38,72.76,22.9,34.36,76.89,22.46,56.23,55.55,29.7,54.28,81.37,17.56,19.72,56.59,25.93,30.24,80.97,17.11,53.02,68.4,19.18,42.64,56.2,30.0,54.95,49.8,13.94,55.14,65.93,CSE,Medium,Medium,No,Yes,0.832,61.3,Priority 1: Software Engineering (Weakness Score: 54.2/100) | Priority 2: Algorithms (Weakness Score: 44.6/100)
93.97,5.83,6.33,12.77,23.07,53.78,98.55,17.83,38.81,88.13,16.98,32.4,92.92,16.21,51.53,94.54,20.85,40.9,94.66,18.76,56.69,89.54,21.88,25.4,100.0,17.2,31.32,82.58,13.91,37.78,100.0,16.78,11.86,97.62,CSE,Medium,Medium,No,Yes,1.0,62.5,Low Base GPA: Review overall progress.
69.51,6.61,6.24,-6.72,21.42,44.72,76.32,21.31,50.85,76.03,22.17,59.74,70.03,20.85,29.99,79.34,28.56,17.97,75.92,19.27,42.23,75.79,19.85,50.89,65.92,27.52,41.51,61.9,21.73,32.48,71.86,28.24,44.33,55.97,CSE,Medium,Medium,No,No,0.9533,43.3,Green/Safe: Maintain the current support plan.
87.29,7.51,14.63,30.15,20.11,44.37,90.49,11.89,27.97,96.55,18.7,57.7,85.87,20.94,52.93,81.72,16.66,34.8,86.51,22.87,38.9,98.84,28.75,31.82,99.17,19.91,50.71,85.95,26.1,50.21,83.81,17.91,26.98,81.57,CSE,Medium,Medium,No,Yes,0.9836,55.5,Priority 1: Data Structures (Weakness Score: 43.2/100)
47.84,5.92,-7.83,-23.46,18.03,36.37,45.16,22.09,47.59,47.44,16.44,33.46,43.23,22.3,54.93,55.81,19.99,50.75,46.16,11.29,41.76,44.09,14.8,36.49,49.19,14.33,34.34,63.32,11.99,42.25,36.18,16.24,42.03,37.96,CSE,Medium,Medium,No,Yes,0.9861,81.7,CRITICAL: Marks declined significantly (-23.5%). | Overall Attendance Alert: Schedule mentoring. | Low Base GPA: Review overall progress. | Priority 1: Database Systems (Weakness Score: 51.5/100) | Priority 2: Algorithms (Weakness Score: 47.6/100)
88.41,7.83,-2.31,-1.07,18.86,49.21,84.88,24.19,33.06,81.38,19.2,54.23,88.94,18.36,60.84,94.29,17.7,29.36,86.65,16.88,33.42,95.9,25.64,44.11,88.35,16.3,29.05,96.36,13.65,35.71,81.89,22.12,42.04,82.71,CSE,Medium,Medium,No,No,0.9217,40.6,Green/Safe: Maintain the current support plan.
79.84,8.7,-6.01,-4.06,23.26,45.3,81.53,13.03,24.77,78.62,22.57,53.47,76.21,23.73,66.31,78.96,21.55,41.88,78.58,20.85,70.0,88.99,24.13,38.19,70.86,21.95,63.66,97.08,7.74,70.0,84.01,24.54,18.9,77.47,CSE,Medium,Medium,No,Yes,0.7078,60.7,Priority 1: Data Structures (Weakness Score: 49.2/100)
83.58,7.61,10.87,-7.69,16.93,67.1,92.04,26.49,59.44,63.86,15.74,22.52,99.25,24.2,50.97,77.9,17.72,32.1,90.08,20.52,55.41,87.77,24.13,52.75,94.6,23.7,37.29,88.48,21.55,42.14,83.41,25.03,53.11,92.89,CSE,Medium,Medium,No,Yes,0.9581,59.1,Priority 1: Database Systems (Weakness Score: 41.6/100)
47.06,5.8,-19.41,6.27,20.08,61.37,51.5,25.9,21.13,51.63,6.32,66.56,60.06,18.91,12.01,46.08,26.13,52.87,66.66,19.07,70.0,27.94,16.75,27.21,55.52,14.49,61.74,55.02,21.45,44.93,37.62,23.54,38.96,55.77,CSE,Medium,Medium,No,Yes,0.9003,85.9,CRITICAL: Attendance dropped by 19.4% recently. | Overall Attendance Alert: Schedule mentoring. | Low Base GPA: Review overall progress. | Priority 1: Operating Systems (Weakness Score: 60.4/100) | Priority 2: Data Structures (Weakness Score: 46.5/100)
72.78,6.23,2.05,-13.48,26.84,54.38,74.07,28.11,19.89,61.66,17.68,66.29,82.21,11.42,38.45,59.54,19.8,58.53,82.54,21.34,38.62,71.82,23.42,70.0,60.93,27.94,48.66,80.98,20.93,66.06,76.08,16.76,51.75,84.05,CSE,Medium,Medium,No,No,0.8501,45.3,Priority 1: Operating Systems (Weakness Score: 48.7/100) | Priority 2: Data Structures (Weakness Score: 42.0/100)
90.69,8.4,-3.07,21.12,20.52,25.64,100.0,15.05,31.79,98.59,21.06,47.89,77.09,24.86,29.53,73.44,21.85,41.78,88.3,23.35,40.2,73.2,18.3,49.32,92.47,19.1,70.0,100.0,14.0,24.46,100.0,25.33,67.19,86.25,CSE,Medium,Medium,No,Yes,0.8084,56.8,Green/Safe: Maintain the current support plan.
57.72,9.44,0.11,17.5,19.52,25.55,54.39,18.44,70.0,59.92,25.18,43.23,38.98,23.36,35.13,54.36,14.74,46.09,68.37,24.66,68.79,75.0,9.77,27.1,39.63,23.16,34.6,52.82,18.92,50.74,42.86,13.71,45.02,69.7,CSE,Medium,Medium,No,Yes,0.7841,50.4,Overall Attendance Alert: Schedule mentoring. | Priority 1: Algorithms (Weakness Score: 49.6/100) | Priority 2: Operating Systems (Weakness Score: 40.3/100)
69.38,8.77,4.25,-23.7,18.93,45.59,65.94,19.66,44.11,64.91,16.13,61.22,48.33,18.97,37.97,73.57,12.73,37.5,68.35,25.35,49.98,57.54,17.56,58.29,57.37,19.61,44.86,65.52,30.0,38.81,73.88,16.17,52.92,78.09,CSE,Medium,Medium,No,No,0.5592,58.0,CRITICAL: Marks declined significantly (-23.7%). | Priority 1: Software Engineering (Weakness Score: 45.3/100)
71.46,6.95,-0.67,-16.39,23.75,37.51,68.23,18.76,56.03,82.25,19.2,41.75,50.99,16.45,30.8,74.57,19.46,31.37,72.99,19.66,6.89,82.54,25.05,41.43,74.98,18.37,20.93,93.1,23.75,59.11,68.61,25.63,24.45,69.0,CSE,Medium,Medium,No,Yes,0.9911,82.3,CRITICAL: Marks declined significantly (-16.4%). | Priority 1: Operating Systems (Weakness Score: 43.6/100) | Priority 2: Database Systems (Weakness Score: 41.6/100) | Priority 3: Software Engineering (Weakness Score: 40.7/100)
57.69,7.59,3.62,18.36,11.51,35.91,62.64,29.87,30.52,46.28,21.71,45.8,50.51,13.92,37.29,62.91,18.33,62.57,56.33,23.01,49.18,53.66,24.17,26.74,52.16,17.93,50.72,64.0,15.92,30.66,58.48,12.31,60.12,55.46,CSE,Medium,Medium,No,Yes,0.922,36.0,Overall Attendance Alert: Schedule mentoring. | Priority 1: Algorithms (Weakness Score: 49.2/100) | Priority 2: Operating Systems (Weakness Score: 45.9/100)
87.13,6.97,-14.6,-12.94,22.58,39.66,93.17,21.98,30.2,74.66,18.48,52.12,100.0,14.65,30.76,97.43,21.21,43.03,94.32,26.44,61.26,80.56,22.42,62.65,84.69,22.1,36.89,78.06,22.31,59.57,95.25,13.56,65.46,93.46,CSE,Medium,Medium,No,No,0.9581,69.2,CRITICAL: Attendance dropped by 14.6% recently.
47.36,6.81,-3.75,-16.74,12.3,45.43,52.03,16.75,40.2,49.56,19.76,65.22,40.51,22.69,48.9,31.48,20.44,43.7,42.44,28.87,64.28,39.74,23.18,56.16,48.82,14.51,30.71,52.64,22.53,40.72,60.52,27.47,67.22,62.22,CSE,Medium,Medium,No,Yes,0.9128,55.2,CRITICAL: Marks declined significantly (-16.7%). | Overall Attendance Alert: Schedule mentoring. | Priority 1: Algorithms (Weakness Score: 46.1/100) | Priority 2: Data Structures (Weakness Score: 45.4/100) | Priority 3: Software Engineering (Weakness Score: 41.9/100)
66.27,8.74,5.61,2.01,14.9,70.0,56.01,9.85,65.48,59.17,20.58,29.54,89.91,29.11,68.2,67.16,24.9,44.2,77.5,17.95,68.77,61.67,18.26,38.0,68.2,18.06,52.31,61.46,23.95,67.78,67.05,30.0,61.91,87.66,CSE,High,Medium,No,No,0.7629,20.8,Green/Safe: Maintain the current support plan.
67.06,8.26,-5.43,22.34,14.03,60.9,49.75,23.93,50.98,68.53,17.64,62.83,68.2,12.78,26.83,50.61,26.0,66.36,77.92,19.28,23.6,56.52,15.06,44.31,80.94,26.92,37.67,44.7,14.17,62.83,69.38,18.22,38.62,59.55,CSE,Medium,Medium,No,Yes,0.8048,58.9,Priority 1: Operating Systems (Weakness Score: 56.7/100)
61.43,7.11,11.1,19.66,23.85,57.7,56.63,18.22,39.97,59.45,21.53,70.0,57.22,11.8,19.44,69.6,17.27,49.04,54.35,19.26,40.12,54.56,26.18,64.65,67.83,30.0,25.27,59.32,18.25,55.64,48.82,23.34,23.36,68.91,CSE,Medium,Medium,No,Yes,0.9334,52.8,Priority 1: Operating Systems (Weakness Score: 56.2/100) | Priority 2: Data Structures (Weakness Score: 41.1/100)
74.35,8.04,-12.25,-12.02,12.44,52.38,79.37,19.76,38.73,100.0,13.98,34.18,81.44,14.93,28.68,85.67,23.03,52.26,76.17,16.54,41.21,73.56,24.23,51.39,65.07,23.95,19.82,71.15,14.29,32.14,93.62,12.65,32.71,79.46,CSE,Medium,Medium,No,No,0.9747,72.6,CRITICAL: Attendance dropped by 12.2% recently. | Priority 1: Operating Systems (Weakness Score: 43.0/100) | Priority 2: Database Systems (Weakness Score: 42.1/100)
59.52,7.85,4.39,-4.47,20.91,47.18,60.49,18.99,44.36,76.09,21.37,53.75,64.21,19.13,53.05,59.73,13.75,36.29,79.45,25.83,40.52,66.27,21.09,70.0,58.22,21.12,33.04,58.18,6.29,48.9,69.55,28.46,52.21,55.87,CSE,Medium,Medium,No,Yes,0.8067,36.6,Overall Attendance Alert: Schedule mentoring. | Priority 1: Software Engineering (Weakness Score: 41.7/100)
97.35,5.99,-1.66,-7.4,13.69,50.25,95.51,16.82,64.79,100.0,23.6,41.77,100.0,19.87,52.49,87.64,8.13,65.34,97.2,22.86,34.73,95.11,27.6,50.46,100.0,24.46,34.98,100.0,28.41,48.3,100.0,27.06,9.82,100.0,CSE,Medium,Medium,No,Yes,0.9731,66.2,Low Base GPA: Review overall progress.
79.93,7.61,-9.86,-3.15,11.53,48.17,94.62,14.79,57.63,94.34,16.55,52.0,95.72,21.15,56.8,62.19,22.99,52.76,66.66,15.18,54.06,76.9,25.56,49.66,80.49,19.15,49.39,87.95,22.67,38.65,92.32,23.29,50.78,80.84,CSE,Medium,Medium,No,No,0.6181,47.5,Green/Safe: Maintain the current support plan.
60.27,8.67,6.12,-5.27,30.0,27.77,29.75,21.3,29.63,62.31,19.65,37.06,56.2,22.05,39.58,58.74,17.51,69.43,73.37,12.64,45.04,52.13,13.77,0.0,57.02,18.76,65.34,70.75,22.46,56.07,68.79,22.44,65.77,47.58,CSE,Medium,Medium,No,Yes,0.8627,58.1,Priority 1: DBMS LAB (Weakness Score: 55.4/100) | Priority 2: Algorithms (Weakness Score: 45.2/100) | Priority 3: Data Structures (Weakness Score: 43.1/100)
100.0,4.93,-8.82,-15.34,22.44,34.32,74.93,19.8,27.69,100.0,10.59,33.91,100.0,21.86,44.29,100.0,27.85,34.74,100.0,28.81,43.14,100.0,19.75,35.33,94.54,26.6,51.56,94.46,15.37,33.63,98.36,24.57,32.1,100.0,CSE,Medium,Medium,No,No,0.9927,74.8,CRITICAL: Marks declined significantly (-15.3%). | Low Base GPA: Review overall progress. | Priority 1: Database Systems (Weakness Score: 40.0/100)
63.25,5.8,17.06,-7.2,21.04,24.61,75.62,22.62,31.43,48.43,16.4,31.51,51.08,12.97,41.54,70.57,16.44,51.67,59.97,23.06,33.2,66.06,20.6,65.43,68.84,21.28,22.95,58.0,16.0,32.67,63.41,21.2,49.2,75.87,CSE,Medium,Medium,No,No,0.9976,50.8,Low Base GPA: Review overall progress. | Priority 1: Database Systems (Weakness Score: 50.3/100) | Priority 2: Data Structures (Weakness Score: 44.9/100) | Priority 3: Algorithms (Weakness Score: 42.2/100)
89.51,8.88,-0.97,-14.53,18.27,39.52,100.0,15.36,49.16,88.82,20.34,48.67,90.08,23.97,44.56,100.0,20.22,19.45,95.89,21.96,45.49,86.91,9.43,15.8,100.0,17.07,59.48,73.48,14.77,55.18,88.48,22.69,44.8,87.43,CSE,Medium,Medium,No,Yes,0.9184,72.6,Green/Safe: Maintain the current support plan.
60.17,6.0,6.54,-21.14,28.54,53.02,55.02,21.64,59.57,59.31,30.0,37.24,70.2,23.81,34.5,55.93,25.09,47.17,63.55,11.82,54.84,63.04,19.68,50.41,56.08,17.04,41.37,55.53,30.0,58.68,50.49,30.0,38.51,60.47,CSE,Medium,Medium,No,No,0.9521,55.3,CRITICAL: Marks declined significantly (-21.1%).
79.86,7.92,0.32,-3.83,19.66,24.99,89.35,25.36,29.95,72.69,17.88,44.53,82.43,22.32,51.6,95.4,20.3,25.46,63.77,28.18,52.64,81.92,22.25,47.4,84.19,18.14,60.83,74.61,15.48,19.64,77.48,26.34,38.14,66.07,CSE,Medium,Medium,No,Yes,0.8947,60.1,Priority 1: Software Engineering (Weakness Score: 46.0/100)
71.46,5.62,4.38,1.14,8.39,41.83,79.92,21.98,46.18,69.14,17.86,37.72,73.75,12.25,66.95,64.09,22.79,46.21,59.93,26.46,61.22,55.76,19.63,48.11,50.75,9.4,32.5,58.33,14.78,25.3,70.24,15.54,61.71,73.27,CSE,Medium,Medium,No,No,0.9596,37.4,Low Base GPA: Review overall progress. | Priority 1: Algorithms (Weakness Score: 43.7/100)
89.57,7.66,-2.59,-4.41,19.29,67.69,80.63,27.19,31.44,100.0,15.24,60.85,85.94,23.58,44.39,78.65,6.02,70.0,90.3,5.28,49.54,96.46,16.42,34.37,89.37,26.01,46.5,100.0,25.66,41.57,73.86,18.87,52.9,90.17,CSE,Medium,Medium,No,No,0.7222,40.0,Green/Safe: Maintain the current support plan.
83.65,4.32,20.71,14.39,7.79,60.9,77.47,25.78,39.72,82.56,21.03,36.91,67.5,15.64,30.75,83.32,25.58,34.12,82.65,21.19,33.09,87.5,25.5,50.9,83.15,15.8,43.22,76.12,17.07,43.17,81.57,25.17,36.18,87.54,CSE,Medium,Medium,No,No,0.995,42.2,Low Base GPA: Review overall progress. | Priority 1: Operating Systems (Weakness Score: 41.8/100)
66.72,9.71,-7.08,-16.52,15.39,49.54,61.92,28.71,50.52,56.76,24.67,63.52,63.35,15.95,11.96,77.73,11.23,44.27,49.47,29.01,65.02,69.72,25.24,43.02,58.47,11.62,56.88,56.63,30.0,28.31,76.84,26.38,24.9,62.22,CSE,Medium,Medium,No,Yes,0.7411,78.7,CRITICAL: Marks declined significantly (-16.5%). | Priority 1: Operating Systems (Weakness Score: 53.9/100) | Priority 2: Software Engineering (Weakness Score: 48.6/100)
73.57,6.52,7.77,15.54,16.62,45.41,93.46,2.51,44.28,85.31,17.43,52.9,85.34,18.62,35.21,82.92,22.48,44.06,79.68,24.8,44.2,76.63,22.61,38.07,85.45,14.85,43.03,81.25,14.72,58.07,75.47,26.63,54.19,71.94,CSE,Medium,Medium,No,No,0.9537,35.0,Priority 1: Data Structures (Weakness Score: 46.6/100)
79.0,7.57,15.54,-22.14,29.61,43.95,65.68,23.48,58.13,80.55,10.61,64.3,81.3,18.45,62.82,58.75,20.56,36.89,93.92,21.21,32.03,90.38,7.7,52.62,66.37,17.69,41.39,88.1,30.0,18.31,83.46,30.0,36.41,72.65,CSE,Medium,Medium,No,No,0.8984,58.8,CRITICAL: Marks declined significantly (-22.1%).
67.83,7.74,-22.02,1.98,13.46,53.53,74.92,17.2,66.13,45.32,13.71,32.63,67.74,17.75,41.98,72.68,27.29,57.04,68.39,19.6,61.52,86.67,23.19,37.65,70.42,22.9,36.67,76.49,21.32,62.47,58.06,11.29,39.11,68.07,CSE,Medium,Medium,No,No,0.9509,63.5,CRITICAL: Attendance dropped by 22.0% recently. | Priority 1: Database Systems (Weakness Score: 47.3/100)
75.85,6.04,0.79,32.1,21.5,34.94,55.9,16.27,43.19,80.53,18.97,51.78,85.09,25.6,47.58,64.48,13.77,27.72,65.1,20.5,70.0,77.97,19.58,59.43,67.56,25.21,59.52,76.44,30.0,61.73,76.3,19.28,38.52,74.54,CSE,Medium,Medium,No,No,0.9027,31.8,Priority 1: Software Engineering (Weakness Score: 50.9/100) | Priority 2: Algorithms (Weakness Score: 41.8/100)
82.28,6.54,12.21,-14.01,19.53,57.7,84.04,24.83,50.88,88.78,25.67,40.35,93.34,19.22,23.99,78.98,16.39,50.63,79.42,20.64,60.21,97.13,21.46,61.28,80.5,12.18,27.31,80.32,23.98,42.11,94.14,29.16,31.68,100.0,CSE,Medium,Medium,No,Yes,0.9757,71.6,Priority 1: Operating Systems (Weakness Score: 43.4/100)
74.05,7.02,-6.42,5.88,17.55,38.19,71.49,21.35,47.71,66.85,26.7,45.08,88.68,27.2,29.11,69.14,17.91,49.7,81.31,20.73,36.74,90.56,17.81,56.13,73.68,19.67,55.11,89.48,21.52,37.67,88.85,22.47,47.56,84.32,CSE,Medium,Medium,No,No,0.9549,43.2,Green/Safe: Maintain the current support plan.
74.4,7.12,-4.7,8.43,23.93,23.8,71.09,22.05,58.65,78.81,19.64,36.47,83.66,15.66,32.22,87.93,21.8,50.93,80.39,19.53,23.43,76.92,19.91,32.11,63.51,19.77,24.63,72.97,18.68,43.21,78.43,23.11,34.33,83.1,CSE,Medium,Medium,No,No,0.9902,48.3,Priority 1: Algorithms (Weakness Score: 41.1/100)
98.69,9.09,10.76,-19.63,20.02,36.49,96.45,14.12,52.36,100.0,11.92,59.89,96.92,20.81,56.47,100.0,25.83,40.6,100.0,20.61,52.61,100.0,26.2,55.82,94.26,16.79,44.25,91.09,14.74,13.08,83.2,29.93,35.15,100.0,CSE,Medium,Medium,No,Yes,0.9056,73.9,CRITICAL: Marks declined significantly (-19.6%).
79.97,8.53,-12.09,18.22,13.88,41.98,84.21,26.63,64.29,89.09,17.3,44.26,80.69,18.92,24.35,94.38,22.16,58.05,86.58,17.83,22.51,87.48,23.43,49.35,100.0,17.17,40.28,82.04,17.51,41.48,90.3,16.76,36.31,85.75,CSE,Medium,Medium,No,No,0.9366,51.8,CRITICAL: Attendance dropped by 12.1% recently.
85.11,7.19,5.08,-0.12,16.4,48.63,85.26,22.67,70.0,100.0,22.32,43.34,89.52,18.84,21.19,84.64,25.41,23.03,75.26,17.09,50.59,100.0,15.95,46.37,85.16,18.49,44.28,80.46,30.0,56.25,80.55,25.92,48.85,85.69,CSE,Medium,Medium,No,No,0.9605,32.9,Priority 1: Operating Systems (Weakness Score: 43.7/100)
85.16,8.76,-10.34,0.53,16.27,31.68,85.62,24.92,46.79,76.57,19.02,29.42,94.99,27.36,21.07,87.45,16.11,45.94,84.31,13.29,63.13,83.65,17.65,46.74,76.46,19.08,17.44,61.59,15.15,37.01,67.59,17.51,36.99,84.55,CSE,Medium,Medium,No,Yes,0.9369,73.1,CRITICAL: Attendance dropped by 10.3% recently.
79.74,9.3,10.94,18.22,14.9,40.1,80.35,11.16,52.42,92.62,22.88,34.86,71.8,21.5,42.7,84.17,23.01,61.38,68.42,21.11,39.55,78.75,24.32,59.6,93.73,22.13,43.35,77.21,11.33,65.1,76.52,22.53,55.18,67.29,CSE,Medium,Medium,No,No,0.8602,25.7,Green/Safe: Maintain the current support plan.
87.63,8.04,16.52,-21.67,23.27,19.66,75.63,14.36,43.07,86.04,24.06,43.43,97.29,21.9,30.82,80.96,27.55,63.41,95.87,24.78,51.98,90.98,20.25,70.0,82.99,21.2,19.38,73.32,29.08,54.25,85.5,20.39,24.63,83.35,CSE,Medium,Medium,No,No,0.9503,58.1,CRITICAL: Marks declined significantly (-21.7%). | Priority 1: Algorithms (Weakness Score: 42.8/100)
85.46,6.64,12.33,-15.09,23.03,62.49,85.16,25.67,68.25,98.93,16.64,15.46,84.21,20.89,15.7,86.07,7.14,68.19,90.24,15.91,46.9,87.96,22.41,46.04,94.91,13.66,43.06,100.0,18.24,48.62,75.51,30.0,49.28,72.88,CSE,Medium,Medium,No,Yes,0.9444,71.4,CRITICAL: Marks declined significantly (-15.1%). | Priority 1: Database Systems (Weakness Score: 49.3/100) | Priority 2: Operating Systems (Weakness Score: 44.3/100)
80.36,8.43,8.99,-0.79,21.0,32.11,72.93,30.0,31.62,84.06,22.9,44.19,87.07,21.64,31.95,85.73,17.28,70.0,84.65,16.5,50.13,71.11,21.29,41.61,72.09,15.8,70.0,81.27,17.84,35.93,85.07,16.81,28.58,80.04,CSE,Medium,Medium,No,No,0.9111,33.0,Green/Safe: Maintain the current support plan.
89.14,6.6,12.27,22.08,27.15,55.69,96.2,19.75,38.85,100.0,26.17,57.69,89.42,17.08,61.19,86.07,20.39,54.24,91.23,27.75,25.2,89.81,30.0,58.46,87.17,23.99,44.28,100.0,24.11,32.0,91.52,22.09,52.02,92.33,CSE,Medium,Medium,No,No,0.9461,29.5,Green/Safe: Maintain the current support plan.
60.11,6.23,-1.46,27.07,17.77,55.36,64.21,20.72,31.86,58.2,18.01,44.92,61.85,18.25,45.36,59.13,16.63,46.19,47.34,20.91,28.34,59.85,22.33,31.11,70.44,28.94,35.25,58.66,26.06,18.03,60.44,18.49,58.51,57.66,CSE,Medium,Medium,No,No,0.9505,41.1,Priority 1: Data Structures (Weakness Score: 43.6/100) | Priority 2: Software Engineering (Weakness Score: 42.8/100)
67.49,6.02,12.52,1.18,26.1,31.68,77.15,23.67,49.12,64.21,15.07,70.0,73.81,21.7,38.81,67.87,20.82,51.0,74.84,16.09,23.0,68.34,11.26,40.15,62.4,22.46,70.0,48.05,30.0,41.5,70.97,12.93,59.95,67.91,CSE,Medium,Medium,No,Yes,0.8848,53.9,Green/Safe: Maintain the current support plan.
86.24,8.63,-8.94,46.75,11.91,47.58,92.47,13.59,46.99,74.12,26.88,48.1,79.84,13.81,50.84,99.82,16.14,38.41,78.72,27.78,16.37,99.09,18.11,43.93,82.83,21.2,34.05,96.82,25.49,30.25,92.91,18.22,45.77,100.0,CSE,Medium,Medium,No,No,0.9168,49.3,Green/Safe: Maintain the current support plan.
93.27,6.66,1.63,-16.9,18.34,36.88,100.0,29.3,17.12,94.09,17.3,31.32,71.7,21.8,37.75,87.84,26.01,38.41,88.45,13.32,31.38,100.0,23.06,64.31,84.86,21.81,60.72,99.06,27.9,51.03,93.25,8.23,51.25,99.24,CSE,Medium,Medium,No,No,0.9583,57.1,CRITICAL: Marks declined significantly (-16.9%). | Priority 1: Database Systems (Weakness Score: 43.3/100)
41.79,8.17,-8.46,20.17,21.17,36.93,36.69,12.31,48.77,48.61,19.65,31.84,42.45,26.71,58.47,41.49,30.0,70.0,36.99,18.77,55.4,32.66,24.25,46.52,45.5,17.12,33.18,21.93,27.42,59.12,48.52,21.74,10.44,34.28,CSE,Medium,Medium,No,Yes,0.8252,62.3,Overall Attendance Alert: Schedule mentoring. | Priority 1: Database Systems (Weakness Score: 49.4/100) | Priority 2: Algorithms (Weakness Score: 46.7/100) | Priority 3: Data Structures (Weakness Score: 45.2/100)
63.43,10.0,11.04,0.86,12.14,49.05,61.92,19.77,18.49,63.76,20.65,18.28,51.92,20.79,51.1,62.93,20.22,45.4,57.98,19.11,23.98,57.58,19.79,63.54,62.22,30.0,70.0,64.13,17.93,70.0,70.89,22.19,34.18,59.16,CSE,Medium,Medium,No,Yes,0.7817,47.4,Priority 1: Database Systems (Weakness Score: 53.3/100) | Priority 2: Data Structures (Weakness Score: 50.5/100) | Priority 3: Algorithms (Weakness Score: 41.3/100)
69.38,7.29,-6.19,-21.91,17.5,57.81,74.61,19.18,48.32,86.9,22.77,55.65,85.38,18.55,29.3,87.06,20.68,58.4,61.75,21.94,28.55,70.01,16.76,31.84,66.34,8.53,27.6,77.2,21.74,28.89,74.85,15.61,55.83,68.22,CSE,Medium,Medium,No,Yes,0.9772,92.5,CRITICAL: Marks declined significantly (-21.9%).
54.33,8.06,-7.14,-22.19,15.67,31.24,47.45,30.0,56.35,65.46,18.81,44.98,61.32,17.47,40.63,47.58,17.76,45.73,46.11,21.43,49.27,52.54,15.86,46.57,49.28,20.23,61.47,41.8,30.0,43.91,58.45,16.24,62.13,53.07,CSE,Medium,Medium,No,Yes,0.5719,66.5,CRITICAL: Marks declined significantly (-22.2%). | Overall Attendance Alert: Schedule mentoring. | Priority 1: Algorithms (Weakness Score: 52.2/100) | Priority 2: Operating Systems (Weakness Score: 45.0/100) | Priority 3: Software Engineering (Weakness Score: 42.3/100)
79.63,6.39,-0.1,-17.39,20.6,52.9,76.21,24.15,43.28,78.78,12.81,38.35,88.84,26.99,42.15,88.3,27.07,30.94,82.81,20.95,61.13,71.28,21.58,41.13,83.88,26.11,67.16,91.93,15.05,37.91,89.7,23.02,41.06,70.47,CSE,Medium,Medium,No,No,0.955,53.9,CRITICAL: Marks declined significantly (-17.4%).
58.08,7.44,-2.79,-7.66,24.16,14.75,55.04,24.7,54.15,53.44,16.51,41.51,45.19,19.5,43.76,53.9,25.0,28.94,41.04,17.37,46.86,57.01,19.24,28.1,48.26,17.56,36.49,69.06,21.32,37.01,69.03,22.23,24.64,25.66,CSE,Medium,Medium,No,Yes,0.9867,73.2,Overall Attendance Alert: Schedule mentoring. | Priority 1: Algorithms (Weakness Score: 50.9/100) | Priority 2: Database Systems (Weakness Score: 46.2/100) | Priority 3: Software Engineering (Weakness Score: 46.2/100)
73.65,7.77,-13.17,3.48,16.65,56.2,64.78,18.38,19.34,60.58,26.3,47.51,67.36,17.56,70.0,67.08,22.37,58.07,88.1,15.74,24.01,62.61,23.66,70.0,81.31,16.7,62.82,68.96,15.84,40.03,67.84,16.49,63.33,68.49,CSE,Medium,Medium,No,Yes,0.6955,67.7,CRITICAL: Attendance dropped by 13.2% recently. | Priority 1: Data Structures (Weakness Score: 52.4/100)
77.46,9.07,-4.09,-32.89,21.54,60.25,76.8,22.25,61.57,89.67,16.89,32.05,88.0,22.27,53.83,70.85,23.19,28.58,79.94,20.56,46.78,85.28,14.9,55.15,77.67,16.04,25.17,96.35,19.65,39.68,66.03,25.44,60.17,85.65,CSE,Medium,Medium,No,No,0.854,73.7,CRITICAL: Marks declined significantly (-32.9%).
84.73,6.72,17.5,-12.36,20.98,51.96,58.56,14.37,37.41,91.46,15.29,70.0,82.09,14.92,42.2,75.22,14.08,60.16,89.86,22.58,64.15,89.59,14.66,55.63,73.46,17.61,44.31,83.25,11.04,30.49,84.5,16.95,61.89,97.7,CSE,Medium,Medium,No,No,0.924,47.5,Green/Safe: Maintain the current support plan.
70.79,8.42,6.41,-5.61,19.79,15.16,54.94,25.19,44.35,70.59,19.99,52.31,86.09,22.23,49.61,65.08,12.29,52.12,76.34,25.5,70.0,59.19,16.93,55.02,70.8,27.22,42.1,90.8,20.28,69.42,46.72,22.43,45.35,49.85,CSE,Medium,High,No,Yes,0.6154,53.6,Priority 1: Algorithms (Weakness Score: 55.1/100)
45.04,8.79,-6.2,2.37,30.0,44.2,36.49,17.24,52.07,49.9,21.03,32.26,56.12,29.68,45.44,63.14,24.33,70.0,49.76,20.68,57.64,40.7,22.04,64.96,53.23,19.85,48.01,52.61,23.62,56.25,48.43,15.88,35.02,49.65,CSE,High,Medium,No,Yes,0.7099,33.4,Overall Attendance Alert: Schedule mentoring. | Priority 1: Database Systems (Weakness Score: 43.7/100)
69.44,8.86,-23.17,10.53,28.18,47.65,75.2,23.85,53.4,70.39,30.0,34.22,65.57,20.36,54.68,89.56,19.99,53.68,73.3,19.59,63.63,73.72,24.94,40.6,64.03,18.28,49.48,80.62,30.0,47.62,88.07,23.13,34.97,70.63,CSE,Medium,Medium,No,No,0.7334,59.8,CRITICAL: Attendance dropped by 23.2% recently.
83.66,7.89,25.35,11.22,17.18,24.41,91.29,20.65,38.0,91.09,21.54,54.58,73.44,24.89,44.93,94.51,24.84,55.29,82.55,23.55,61.66,89.73,21.01,55.68,78.4,27.57,19.77,84.01,17.97,35.39,86.71,14.37,70.0,70.14,CSE,Medium,Medium,No,No,0.7976,30.6,Priority 1: Algorithms (Weakness Score: 41.5/100)
100.0,6.99,-16.02,3.17,23.24,46.55,92.16,15.95,55.68,93.64,12.38,46.84,94.87,14.0,46.08,100.0,20.1,29.01,100.0,25.18,70.0,100.0,14.97,57.87,100.0,14.24,49.26,100.0,25.98,29.8,100.0,22.46,19.05,83.05,CSE,Medium,Medium,No,No,0.9796,58.5,CRITICAL: Attendance dropped by 16.0% recently.
92.4,7.8,3.3,-32.09,19.04,29.77,100.0,10.52,54.95,84.44,20.21,50.88,93.07,29.94,37.62,77.98,30.0,49.46,93.2,30.0,24.32,90.88,14.23,42.36,77.43,20.13,44.3,91.43,8.34,55.6,89.49,30.0,37.06,85.46,CSE,Medium,Medium,No,No,0.9529,71.7,CRITICAL: Marks declined significantly (-32.1%).
71.09,7.71,1.33,-14.62,20.28,33.61,77.98,21.92,37.88,78.39,23.15,63.03,78.19,18.93,19.64,72.95,21.71,45.77,40.98,23.39,31.32,77.94,28.5,41.21,75.47,20.16,52.88,72.12,17.42,31.43,86.99,22.19,57.46,75.08,CSE,Medium,Medium,No,Yes,0.8653,71.7,Priority 1: Operating Systems (Weakness Score: 48.0/100)
77.56,7.89,-7.5,-16.03,26.28,52.92,73.94,24.6,48.63,95.45,23.32,24.15,70.97,16.95,49.64,74.52,14.36,53.84,87.56,19.49,48.14,67.88,17.39,37.78,83.15,21.28,40.05,73.87,10.16,69.09,56.7,22.11,45.57,74.9,CSE,Medium,Medium,No,No,0.9434,60.8,CRITICAL: Marks declined significantly (-16.0%). | Priority 1: Database Systems (Weakness Score: 41.6/100)
69.95,7.95,-11.91,-12.11,19.13,70.0,51.61,22.51,41.2,63.54,18.61,55.01,77.19,20.93,61.39,82.64,24.08,36.81,74.89,22.5,32.77,54.25,9.89,46.05,72.93,14.09,60.69,71.47,26.75,50.56,59.28,22.29,55.05,64.47,CSE,Medium,Medium,No,No,0.7205,59.4,CRITICAL: Attendance dropped by 11.9% recently.
83.34,8.25,-0.13,-15.97,21.16,32.27,80.98,27.56,53.16,81.72,14.87,34.3,83.41,21.38,53.48,87.22,18.15,37.33,100.0,17.22,25.62,66.95,18.23,59.1,77.58,27.39,44.89,94.44,16.21,33.87,84.25,22.41,42.32,86.27,CSE,Medium,Medium,No,No,0.9642,53.1,CRITICAL: Marks declined significantly (-16.0%). | Priority 1: Database Systems (Weakness Score: 40.5/100)
100.0,8.78,-8.71,-14.31,19.87,38.81,98.28,17.64,70.0,95.38,22.93,52.78,83.11,27.33,54.39,100.0,25.29,44.28,100.0,10.62,57.26,100.0,21.0,32.37,97.81,18.76,27.91,100.0,27.87,23.68,100.0,17.9,36.96,100.0,CSE,Medium,Medium,No,No,0.8364,61.0,Green/Safe: Maintain the current support plan.
83.48,6.73,0.89,14.17,19.36,58.45,76.47,13.22,35.44,74.59,16.98,19.09,85.83,24.34,32.82,76.96,19.06,31.33,93.32,15.56,37.11,75.84,25.04,41.53,100.0,21.77,62.38,80.23,15.29,44.5,76.69,10.01,60.2,83.8,CSE,Medium,Medium,No,Yes,0.9678,57.7,Priority 1: Database Systems (Weakness Score: 46.4/100) | Priority 2: Data Structures (Weakness Score: 44.2/100)
84.82,9.75,10.06,-2.5,18.79,45.69,74.93,22.18,68.79,75.1,20.95,57.84,81.85,26.8,38.55,83.66,15.03,46.9,84.85,23.18,35.46,78.0,22.31,65.96,91.11,29.24,53.33,90.01,23.4,67.32,97.2,14.58,57.01,87.47,CSE,High,High,No,No,0.6282,23.9,Green/Safe: Maintain the current support plan.
65.76,8.1,20.83,-6.17,16.42,36.24,60.86,14.09,70.0,80.78,21.39,44.5,84.02,28.12,33.9,68.23,19.09,40.96,64.1,19.57,48.16,67.92,27.19,32.9,75.43,14.62,48.55,76.19,22.85,40.25,68.61,28.26,36.12,71.42,CSE,Medium,Medium,No,No,0.9385,38.4,Priority 1: Algorithms (Weakness Score: 44.6/100)
68.17,7.28,-2.03,10.0,20.09,30.42,63.29,30.0,30.76,64.44,14.28,40.4,66.67,16.33,68.65,79.72,15.27,57.25,63.37,13.85,34.23,55.61,24.71,31.85,81.05,20.7,38.95,63.15,28.76,45.15,63.12,24.27,53.78,58.29,CSE,Medium,Medium,No,No,0.9784,37.2,Priority 1: Algorithms (Weakness Score: 43.5/100) | Priority 2: Database Systems (Weakness Score: 42.6/100)
51.12,7.55,-9.12,8.95,16.76,49.07,40.59,19.97,39.78,74.56,22.74,12.72,51.1,21.84,37.89,40.09,23.3,30.58,56.87,14.77,36.99,60.68,22.45,45.47,50.82,20.45,33.13,35.95,22.85,67.95,57.16,21.27,26.87,59.89,CSE,Medium,Medium,No,Yes,0.9643,72.1,Overall Attendance Alert: Schedule mentoring. | Priority 1: Database Systems (Weakness Score: 54.7/100) | Priority 2: Operating Systems (Weakness Score: 44.5/100) | Priority 3: Algorithms (Weakness Score: 43.0/100)
41.09,8.16,-3.86,-9.46,22.57,28.76,45.48,15.97,40.78,35.65,27.59,51.03,53.7,30.0,45.7,56.11,16.5,63.82,33.02,19.91,53.05,48.04,13.64,31.99,47.21,18.16,24.04,40.38,19.41,47.65,46.39,22.33,33.48,36.99,CSE,Medium,Medium,No,Yes,0.8427,51.2,Overall Attendance Alert: Schedule mentoring. | Priority 1: Data Structures (Weakness Score: 50.0/100) | Priority 2: Algorithms (Weakness Score: 47.4/100)
75.02,10.0,-6.47,3.18,24.09,54.91,89.3,28.82,49.96,62.74,28.86,29.73,78.4,18.72,38.54,82.66,21.22,52.7,66.86,19.13,33.46,73.03,19.41,70.0,72.43,9.37,65.93,79.51,19.34,38.44,65.55,29.69,45.78,57.64,CSE,High,Medium,No,No,0.6475,34.3,Green/Safe: Maintain the current support plan.
65.01,8.57,-0.53,18.55,19.27,1.45,64.1,19.49,70.0,79.77,24.66,30.6,54.84,14.52,67.9,55.91,18.07,31.5,52.43,21.66,47.3,42.77,13.49,48.83,64.29,18.0,54.09,50.58,17.03,52.77,58.52,21.56,27.81,56.77,CSE,Medium,Medium,No,Yes,0.8832,53.7,Priority 1: Algorithms (Weakness Score: 60.7/100) | Priority 2: Software Engineering (Weakness Score: 48.2/100) | Priority 3: Database Systems (Weakness Score: 41.4/100)
79.37,6.34,-2.51,-20.2,20.47,60.43,90.03,17.39,31.15,54.38,18.27,28.6,83.56,18.32,41.59,87.49,21.99,43.25,96.23,23.69,38.76,75.66,23.94,48.04,68.16,24.47,63.86,91.18,27.71,70.0,96.67,21.7,41.87,61.07,CSE,Medium,Medium,No,No,0.9649,60.6,CRITICAL: Marks declined significantly (-20.2%). | Priority 1: Data Structures (Weakness Score: 48.5/100) | Priority 2: Database Systems (Weakness Score: 40.3/100)
65.96,6.99,-0.61,-7.51,27.32,62.15,56.4,22.38,37.64,76.79,24.29,63.84,56.48,13.23,17.12,92.71,24.53,63.67,51.62,23.18,19.18,70.51,20.1,40.53,60.53,25.88,37.16,79.49,19.76,50.6,71.46,22.3,48.43,87.48,CSE,Medium,Medium,No,Yes,0.9409,63.0,Priority 1: Operating Systems (Weakness Score: 49.2/100)
68.66,10.0,-7.19,9.07,22.41,40.53,66.01,17.77,54.31,60.44,22.73,40.98,81.19,17.57,28.34,74.85,22.46,51.18,77.13,14.99,33.17,81.86,22.18,38.17,51.03,13.78,30.64,63.05,21.53,24.51,63.38,13.68,38.68,92.51,CSE,Medium,Medium,No,No,0.9123,46.0,Priority 1: Operating Systems (Weakness Score: 43.8/100)
92.54,8.51,7.67,17.29,13.75,0.0,100.0,20.28,12.39,82.28,30.0,52.23,66.74,17.44,42.26,97.79,19.95,18.98,86.2,15.46,56.23,87.11,17.23,41.09,83.92,27.54,61.84,100.0,13.83,50.28,100.0,14.87,27.4,82.62,CSE,Medium,Medium,No,Yes,0.8975,58.7,Priority 1: Algorithms (Weakness Score: 56.2/100) | Priority 2: Data Structures (Weakness Score: 48.0/100) | Priority 3: Software Engineering (Weakness Score: 43.3/100)
64.59,7.56,0.44,-28.26,20.01,67.97,51.64,17.7,34.77,68.17,25.91,30.25,97.64,16.69,50.41,64.61,20.23,33.11,75.26,15.73,18.47,53.37,27.23,63.76,44.52,24.07,15.27,64.32,13.96,58.36,70.13,24.9,40.57,62.67,CSE,Medium,Medium,No,Yes,0.9424,88.8,CRITICAL: Marks declined significantly (-28.3%). | Priority 1: Data Structures (Weakness Score: 42.0/100)
80.86,7.84,-21.24,2.1,18.34,31.45,100.0,30.0,70.0,82.08,21.72,67.37,78.45,22.71,48.41,100.0,27.18,42.93,96.11,19.98,36.81,78.01,20.74,33.22,75.68,12.78,32.66,83.21,25.21,58.71,85.16,12.35,32.08,78.89,CSE,Medium,Medium,No,No,0.9219,62.5,CRITICAL: Attendance dropped by 21.2% recently.
98.86,6.39,-43.89,-25.3,14.95,58.29,99.02,14.49,28.37,97.86,17.25,56.32,95.99,21.52,32.27,98.63,26.58,42.78,93.33,15.68,44.72,100.0,13.18,44.25,81.72,17.95,48.94,83.05,17.78,49.36,100.0,21.69,30.38,100.0,CSE,Medium,Medium,No,No,0.9831,100.0,CRITICAL: Attendance dropped by 43.9% recently. | CRITICAL: Marks declined significantly (-25.3%).
79.53,6.53,8.01,-7.16,11.5,39.42,88.39,24.56,31.96,69.76,25.84,47.85,58.82,14.38,52.28,67.67,15.08,30.78,88.28,19.95,70.0,75.24,18.95,50.02,73.29,12.01,39.71,72.05,19.37,36.03,84.04,18.24,20.76,73.31,CSE,Medium,Medium,No,Yes,0.9765,67.2,Priority 1: Software Engineering (Weakness Score: 40.8/100)
66.29,8.06,8.67,-8.46,8.17,59.94,76.79,17.39,49.12,70.67,22.35,70.0,70.45,18.21,51.42,61.99,14.67,63.3,71.63,10.69,34.75,73.86,12.18,33.71,92.9,18.34,61.24,81.29,15.46,49.0,86.87,22.3,70.0,59.92,CSE,Medium,Medium,No,No,0.6212,38.3,Green/Safe: Maintain the current support plan.
67.77,7.1,2.39,-15.62,20.3,49.15,74.01,11.59,61.07,59.5,17.78,50.11,67.01,22.43,47.13,64.87,27.64,55.62,70.79,23.46,34.42,89.51,14.56,46.7,64.9,18.38,38.19,60.05,25.94,26.93,77.6,23.24,39.29,73.09,CSE,Medium,Medium,No,No,0.974,52.3,CRITICAL: Marks declined significantly (-15.6%).
57.55,8.36,13.41,-9.77,10.73,28.55,47.33,15.59,32.3,57.31,21.24,48.55,50.25,24.97,53.02,73.36,24.23,39.76,70.6,21.37,56.97,64.75,19.38,46.55,56.23,15.74,12.83,50.61,21.0,61.28,65.51,18.6,34.8,55.75,CSE,Medium,Medium,No,Yes,0.8356,67.5,Overall Attendance Alert: Schedule mentoring. | Priority 1: Algorithms (Weakness Score: 58.8/100) | Priority 2: Data Structures (Weakness Score: 48.8/100)
59.32,8.54,6.32,16.54,22.26,34.36,49.34,28.13,42.93,54.56,21.59,30.45,52.17,23.96,29.78,46.03,18.22,48.89,73.07,21.7,52.74,49.09,20.93,28.21,68.48,20.57,44.22,64.38,17.55,37.72,49.81,28.91,41.58,56.16,CSE,Medium,Medium,No,Yes,0.9338,33.8,Overall Attendance Alert: Schedule mentoring. | Priority 1: Database Systems (Weakness Score: 45.4/100) | Priority 2: Operating Systems (Weakness Score: 45.2/100) | Priority 3: Algorithms (Weakness Score: 43.3/100)
81.75,7.9,1.71,9.11,24.49,15.45,79.38,17.13,48.08,85.46,19.61,43.15,92.41,21.51,45.62,83.23,29.18,47.59,76.61,10.46,23.49,77.08,19.46,36.67,85.27,17.16,31.28,87.88,26.85,28.39,84.19,10.47,22.88,75.87,CSE,Medium,Medium,No,Yes,0.9839,62.5,Priority 1: Algorithms (Weakness Score: 42.9/100)
74.59,8.25,17.23,5.46,14.9,43.06,88.54,18.86,31.73,78.09,24.47,33.47,61.04,15.94,38.4,89.77,12.98,19.59,77.31,16.44,30.13,81.09,20.46,60.08,81.93,13.96,19.81,85.78,19.38,70.0,84.26,26.86,30.84,73.75,CSE,Medium,Medium,No,Yes,0.9795,58.3,Priority 1: Software Engineering (Weakness Score: 52.6/100)
54.36,8.61,-1.73,11.3,21.22,38.49,56.49,17.47,16.56,65.76,17.17,47.12,46.76,16.35,29.42,63.84,25.95,45.39,48.99,11.53,56.93,47.6,14.41,45.44,51.02,12.41,24.29,57.73,16.72,52.65,55.83,25.24,32.52,56.69,CSE,Medium,Medium,No,Yes,0.8847,60.1,Overall Attendance Alert: Schedule mentoring. | Priority 1: Data Structures (Weakness Score: 53.3/100) | Priority 2: Operating Systems (Weakness Score: 47.7/100) | Priority 3: Database Systems (Weakness Score: 41.9/100)
71.77,6.23,10.65,-8.08,16.49,30.14,76.0,17.65,53.94,79.17,21.23,58.61,65.61,12.76,34.86,80.45,29.35,67.66,70.1,24.97,24.71,87.62,22.82,57.45,53.05,22.52,70.0,75.18,19.78,41.88,65.04,20.69,27.49,76.77,CSE,Medium,Medium,No,No,0.9519,43.2,Priority 1: Algorithms (Weakness Score: 43.5/100) | Priority 2: Operating Systems (Weakness Score: 43.2/100)
68.69,7.48,0.5,6.33,16.53,31.92,36.08,28.44,34.95,64.23,30.0,35.4,66.86,21.34,50.07,62.51,25.62,47.41,69.82,16.63,43.04,78.44,24.89,38.56,60.95,24.39,49.52,77.46,15.16,44.68,77.49,16.44,70.0,84.99,CSE,Medium,Medium,No,No,0.9721,31.3,Priority 1: Algorithms (Weakness Score: 54.4/100)
73.64,6.62,-21.58,-4.39,19.28,44.22,62.97,20.49,26.78,71.13,16.65,59.74,89.14,14.28,44.93,70.53,22.32,46.44,69.76,20.47,41.78,89.53,16.03,48.86,78.73,22.19,40.53,87.32,9.56,28.59,80.27,15.6,30.92,68.96,CSE,Medium,Medium,No,Yes,0.9809,97.6,CRITICAL: Attendance dropped by 21.6% recently. | Priority 1: Data Structures (Weakness Score: 42.9/100)
97.1,7.17,9.92,-3.85,20.05,52.79,97.54,10.56,40.7,100.0,14.87,47.49,100.0,25.59,70.0,93.33,20.92,48.23,100.0,22.69,66.38,73.79,22.09,52.31,94.75,8.68,44.09,90.0,28.39,50.63,89.15,9.74,53.86,100.0,CSE,Medium,Medium,No,No,0.9631,32.8,Green/Safe: Maintain the current support plan.
83.75,7.95,6.45,1.74,11.25,24.24,79.48,20.54,27.54,76.16,23.96,61.64,86.52,18.57,35.68,89.14,18.42,58.8,93.47,22.05,37.54,79.54,11.78,44.21,82.91,13.11,70.0,89.31,15.8,70.0,78.79,24.15,46.31,79.13,CSE,Medium,Medium,No,Yes,0.6906,52.5,Priority 1: Algorithms (Weakness Score: 51.1/100) | Priority 2: Data Structures (Weakness Score: 40.9/100)
81.33,7.24,12.86,12.9,20.39,51.22,82.05,21.73,68.78,79.15,24.04,52.77,82.29,23.81,33.48,71.64,22.16,20.43,86.45,14.36,67.77,77.37,27.27,41.84,78.8,24.33,49.39,80.67,17.98,39.08,100.0,11.62,26.96,93.1,CSE,Medium,Medium,No,Yes,0.9541,52.0,Priority 1: Software Engineering (Weakness Score: 40.2/100)
71.46,8.16,-0.83,5.27,25.57,22.3,74.93,26.9,42.25,66.17,24.62,30.24,71.24,14.8,16.95,69.94,13.68,44.82,82.61,29.27,46.4,81.65,21.99,39.25,52.21,28.13,29.26,85.29,22.68,30.36,74.58,30.0,68.03,66.34,CSE,Medium,Medium,No,Yes,0.8926,56.8,Priority 1: Operating Systems (Weakness Score: 54.5/100)
73.42,9.83,17.58,11.45,8.69,47.51,50.43,18.4,55.42,66.2,14.58,43.98,65.14,20.93,29.51,72.38,18.27,44.83,89.77,21.0,52.57,67.17,21.12,40.88,73.72,23.24,37.5,69.44,17.57,37.41,75.15,18.18,67.47,100.0,CSE,Medium,Medium,No,No,0.7738,28.7,Priority 1: Algorithms (Weakness Score: 49.0/100) | Priority 2: Database Systems (Weakness Score: 40.7/100) | Priority 3: Operating Systems (Weakness Score: 40.5/100)
100.0,6.76,-10.99,2.51,16.06,38.25,95.94,18.87,20.28,93.74,22.51,24.63,96.45,21.46,33.27,100.0,12.39,58.33,100.0,20.28,61.87,96.71,16.91,65.59,100.0,16.53,43.29,100.0,19.61,53.92,100.0,17.19,51.29,99.94,CSE,Medium,Medium,No,Yes,0.9861,72.2,CRITICAL: Attendance dropped by 11.0% recently. | Priority 1: Data Structures (Weakness Score: 41.4/100)
82.28,7.68,-16.46,16.9,21.99,65.82,97.15,19.72,64.11,72.67,21.13,53.49,81.22,18.89,28.21,81.92,11.96,43.0,82.88,23.73,27.36,85.68,22.85,44.67,86.75,21.35,5.99,73.06,30.0,54.84,76.26,21.83,55.66,97.69,CSE,Medium,Medium,No,Yes,0.9228,77.2,CRITICAL: Attendance dropped by 16.5% recently. | Priority 1: Operating Systems (Weakness Score: 40.4/100)
76.63,5.91,-4.52,24.96,17.02,70.0,80.79,21.92,40.58,61.02,22.07,52.48,84.57,18.04,38.87,82.31,13.71,57.2,75.03,21.47,70.0,73.91,20.7,45.45,56.84,23.06,9.93,84.21,16.54,33.93,76.25,13.37,43.32,65.67,CSE,Medium,Medium,No,Yes,0.953,64.3,Low Base GPA: Review overall progress.
83.71,5.66,7.43,-8.63,22.11,54.32,100.0,20.35,53.01,80.47,26.52,29.52,82.04,20.76,50.84,92.07,18.49,56.9,68.56,20.76,15.19,80.45,30.0,47.5,77.94,22.07,42.79,71.46,10.28,43.31,80.76,18.23,56.16,96.63,CSE,Medium,Medium,No,Yes,0.9705,66.3,Low Base GPA: Review overall progress.
44.18,7.4,6.22,-18.38,14.29,34.86,48.1,28.43,41.82,35.85,30.0,39.42,36.24,17.96,38.14,56.88,11.63,53.92,44.07,17.22,39.96,41.67,20.44,38.23,43.52,16.11,70.0,54.27,22.44,38.34,52.39,21.5,46.79,38.85,CSE,Medium,Medium,No,Yes,0.9125,56.1,CRITICAL: Marks declined significantly (-18.4%). | Overall Attendance Alert: Schedule mentoring. | Priority 1: Algorithms (Weakness Score: 51.4/100) | Priority 2: Software Engineering (Weakness Score: 44.3/100) | Priority 3: Operating Systems (Weakness Score: 43.2/100)
72.05,9.06,-0.58,-20.09,22.26,32.65,81.57,14.39,58.06,72.81,8.23,45.95,78.12,13.85,32.3,72.94,17.44,49.94,69.96,13.4,70.0,68.65,20.62,70.0,80.68,22.74,60.87,77.57,22.76,53.51,70.37,25.37,55.12,49.06,CSE,High,Medium,No,No,0.5684,49.7,CRITICAL: Marks declined significantly (-20.1%). | Priority 1: Operating Systems (Weakness Score: 45.8/100) | Priority 2: Database Systems (Weakness Score: 42.1/100)
81.88,7.01,2.82,10.87,28.93,54.94,99.47,10.99,64.09,80.39,18.04,45.36,74.88,19.29,59.2,62.25,27.49,50.89,80.78,24.68,50.46,77.08,16.14,67.49,67.09,19.02,23.84,86.76,19.51,26.26,73.19,20.22,49.28,62.51,CSE,Medium,Medium,No,No,0.9456,30.2,Green/Safe: Maintain the current support plan.
65.08,8.97,-0.32,6.58,13.86,55.09,56.96,21.48,54.09,60.29,18.64,57.29,76.01,20.22,47.53,53.84,20.59,39.13,65.87,27.09,28.11,76.84,20.97,44.6,56.4,21.4,70.0,39.61,10.22,42.35,68.35,24.7,51.78,48.72,CSE,Medium,Medium,No,No,0.5223,26.4,Green/Safe: Maintain the current support plan.
70.26,6.32,6.17,-9.29,15.3,25.51,78.32,16.22,18.68,78.82,22.29,43.26,61.11,19.43,63.23,54.11,12.18,35.58,69.99,17.52,54.64,81.15,21.39,53.41,72.98,20.05,25.6,59.98,13.25,42.77,72.58,12.75,46.09,61.5,CSE,Medium,Medium,No,Yes,0.9878,71.7,Priority 1: Data Structures (Weakness Score: 49.5/100) | Priority 2: Algorithms (Weakness Score: 46.6/100) | Priority 3: Software Engineering (Weakness Score: 46.5/100)
100.0,8.1,-5.93,-23.21,12.26,48.29,100.0,19.36,25.78,99.24,10.22,49.88,100.0,18.91,64.19,93.03,16.36,40.82,100.0,18.58,70.0,99.62,15.96,70.0,100.0,18.53,57.91,100.0,17.09,58.53,97.73,15.09,34.39,88.28,CSE,Medium,Medium,No,No,0.9471,65.5,CRITICAL: Marks declined significantly (-23.2%).
91.85,5.55,-5.37,6.73,27.85,44.47,100.0,22.73,33.6,82.88,19.76,41.46,92.73,17.91,48.19,81.18,27.62,17.7,91.04,18.98,42.97,83.41,12.44,48.61,89.8,21.92,20.25,100.0,19.6,0.0,93.73,17.64,28.0,100.0,CSE,Medium,Medium,No,Yes,0.9925,74.4,Low Base GPA: Review overall progress.
63.92,7.39,-0.67,-20.43,15.87,45.94,71.42,22.66,33.73,71.73,16.86,55.11,66.79,18.87,36.96,65.26,20.42,29.3,69.95,25.78,57.91,67.07,17.75,46.93,62.61,20.62,59.05,62.84,10.81,56.99,67.9,20.75,27.38,55.6,CSE,Medium,Medium,No,No,0.9435,59.3,CRITICAL: Marks declined significantly (-20.4%). | Priority 1: Software Engineering (Weakness Score: 41.9/100) | Priority 2: Operating Systems (Weakness Score: 40.4/100)
71.09,7.14,3.42,20.89,10.83,52.88,81.92,18.05,23.71,85.21,21.1,55.63,57.88,13.41,51.21,81.36,14.35,43.47,55.22,16.49,41.14,75.98,9.47,64.81,69.38,26.47,55.48,79.61,30.0,33.28,72.44,15.05,43.47,78.29,CSE,Medium,Medium,No,No,0.844,33.8,Priority 1: Software Engineering (Weakness Score: 44.2/100) | Priority 2: Data Structures (Weakness Score: 42.8/100)
82.62,7.9,0.34,-2.4,18.51,59.5,90.2,24.94,44.8,84.04,18.72,44.2,75.76,19.63,42.6,78.03,23.96,23.85,85.99,15.39,32.28,74.99,22.35,11.14,84.3,20.23,30.45,84.44,13.93,44.34,70.11,30.0,57.92,85.08,CSE,Medium,Medium,No,Yes,0.9753,59.6,Green/Safe: Maintain the current support plan.
86.79,6.61,-30.63,5.86,17.85,57.2,99.2,13.41,66.61,86.73,19.56,42.49,86.63,12.2,51.1,88.84,18.16,48.09,84.74,19.63,51.26,84.53,16.11,56.38,76.04,25.26,39.84,95.55,27.19,44.11,95.51,23.15,47.74,92.82,CSE,Medium,Medium,No,No,0.9367,76.9,CRITICAL: Attendance dropped by 30.6% recently.
69.18,7.29,-10.04,-7.89,19.12,40.73,72.64,19.31,46.89,61.98,14.86,31.37,73.35,19.79,37.6,75.82,27.29,37.58,58.34,24.73,45.23,67.35,25.09,41.06,73.15,20.8,70.0,67.84,24.68,41.24,73.68,19.02,56.93,68.23,CSE,Medium,Medium,No,No,0.96,57.0,CRITICAL: Attendance dropped by 10.0% recently. | Priority 1: Database Systems (Weakness Score: 45.2/100)
88.96,6.3,-0.32,-52.94,19.12,43.34,92.69,20.56,68.37,79.06,20.47,55.56,76.52,18.28,47.61,100.0,20.68,56.37,97.19,6.22,46.21,84.6,27.52,55.48,97.7,22.6,46.57,97.31,19.89,64.26,78.27,25.19,39.56,95.75,CSE,Medium,Medium,No,No,0.8388,93.2,CRITICAL: Marks declined significantly (-52.9%).
87.14,7.95,-2.78,4.01,12.42,22.76,87.53,23.51,31.62,84.52,18.8,21.57,98.98,19.09,42.42,90.87,12.2,58.8,97.64,20.7,51.93,83.88,24.32,32.66,86.81,20.14,44.42,97.83,30.0,43.35,91.84,15.99,60.48,81.96,CSE,Medium,Medium,No,Yes,0.9358,60.0,Priority 1: Algorithms (Weakness Score: 48.3/100)
78.72,8.01,13.71,7.55,23.44,47.15,89.72,14.74,8.29,82.89,10.97,64.68,73.24,14.81,70.0,78.53,18.95,56.22,86.87,25.7,25.01,84.08,18.53,31.18,79.2,10.94,58.84,75.81,17.61,42.93,77.04,25.7,28.56,74.9,CSE,Medium,Medium,No,Yes,0.8893,53.5,Priority 1: Data Structures (Weakness Score: 55.7/100)
68.26,8.2,-6.23,-5.25,11.52,53.35,86.51,8.52,59.09,86.58,24.72,43.79,77.23,19.57,53.13,69.09,20.56,33.57,63.62,28.12,35.7,48.7,30.0,38.45,65.57,17.99,45.24,60.67,27.45,42.01,57.8,5.66,61.42,63.85,CSE,Medium,Medium,No,No,0.8683,47.0,Priority 1: Software Engineering (Weakness Score: 41.2/100)
64.75,7.45,-10.89,19.64,25.97,61.8,56.62,18.65,21.74,77.01,21.62,48.02,61.99,15.15,64.24,84.81,26.61,42.49,68.66,25.35,46.41,84.2,26.24,70.0,66.7,7.93,46.08,60.96,20.86,70.0,59.34,15.84,35.3,86.29,CSE,Medium,Medium,No,No,0.9034,44.6,CRITICAL: Attendance dropped by 10.9% recently. | Priority 1: Data Structures (Weakness Score: 45.8/100)
76.06,5.36,-34.09,-29.04,20.57,35.92,68.54,19.98,36.38,68.73,25.23,39.12,94.49,23.13,32.69,87.65,16.42,70.0,78.32,22.71,45.46,78.72,18.85,31.11,79.45,25.12,27.14,91.46,23.01,38.45,71.51,29.32,59.08,87.46,CSE,Medium,Medium,No,No,0.9424,100.0,CRITICAL: Attendance dropped by 34.1% recently. | CRITICAL: Marks declined significantly (-29.0%). | Low Base GPA: Review overall progress.
80.84,9.64,-6.58,20.37,19.59,29.79,83.09,14.38,49.25,82.4,18.78,43.91,96.68,22.89,47.6,85.08,20.2,53.28,74.78,30.0,47.82,100.0,30.0,37.44,83.23,21.83,59.01,82.15,26.03,18.61,74.74,19.05,35.0,63.52,CSE,Medium,Medium,No,No,0.7828,39.4,Green/Safe: Maintain the current support plan.
97.53,7.99,6.41,-12.66,18.06,52.75,82.19,28.35,53.06,100.0,18.71,52.45,100.0,19.55,31.9,88.1,17.89,48.4,95.9,17.55,55.17,92.92,17.01,59.09,100.0,13.87,25.04,86.45,19.85,62.68,100.0,23.75,70.0,99.55,CSE,Medium,Medium,No,Yes,0.8819,63.4,Green/Safe: Maintain the current support plan.
91.27,5.95,-23.5,-0.65,21.16,52.38,84.2,20.11,70.0,91.62,21.6,70.0,84.29,16.18,37.95,85.99,10.89,47.07,93.44,19.07,48.71,93.85,13.42,49.33,96.85,12.01,66.95,78.91,14.31,48.03,96.61,23.89,53.41,86.07,CSE,Medium,Medium,No,No,0.8737,66.6,CRITICAL: Attendance dropped by 23.5% recently. | Low Base GPA: Review overall progress.
